experiment,eta,s,rev_train,nrev_train,rev_test,nrev_test,rev_U,nrev_U,proj_nrev,d_train,se_train,t_train,win_train,d_test,se_test,t_test,win_test
magic_ball,0.0001,0.0,0.782902865404837,0.782902865404837,0.7835173501577287,0.7835173501577287,7561.14842300336,7561.14842300336,0.681725,0.0,1e-300,0.0,0.0,0.0,1e-300,0.0,0.0
magic_ball,0.0001,0.25,0.782902865404837,0.7829620136698212,0.7835173501577287,0.7834844900105152,7561.14842300336,7561.177513030542,0.681825,5.9148264984229536e-05,4.141836068522258e-05,1.4280687116941524,0.575,-3.286014721345931e-05,5.8166482857306654e-05,-0.564932682866032,0.35
magic_ball,0.0001,1.0,0.782902865404837,0.7829735147213459,0.7835173501577287,0.7835042060988433,7561.14842300336,7561.653079584695,0.68555,7.064931650894723e-05,8.771298536051413e-05,0.8054601746658999,0.5,-1.3144058885383724e-05,0.00011602792955352353,-0.11328357694532838,0.475
magic_ball,0.0001,2.0,0.782902865404837,0.7564027996845426,0.7835173501577287,0.7584253417455311,7561.14842300336,8288.903964540954,0.901125,-0.026500065720294414,0.00347628953921813,-7.623089337447617,0.2,-0.025092008412197702,0.0034059504482176423,-7.367109062120538,0.125
magic_ball,0.0001,5.0,0.782902865404837,0.5737595294426919,0.7835173501577287,0.5742573606729758,7561.14842300336,13776.176337127492,0.9993,-0.20914333596214513,0.010812550115390807,-19.342646621766516,0.0,-0.20925998948475288,0.009955620369846496,-21.019281743462003,0.0
magic_ball,3e-05,0.0,0.7826564143007361,0.7826564143007361,0.7830901682439537,0.7830901682439537,7560.277548653056,7560.277548653056,0.444775,0.0,1e-300,0.0,0.0,0.0,1e-300,0.0,0.0
magic_ball,3e-05,0.25,0.7826564143007361,0.7826859884332282,0.7830901682439537,0.7831361724500526,7560.277548653056,7560.184795696029,0.444475,2.9574132492121707e-05,3.0586606587305655e-05,0.9668981228011035,0.35,4.600420609884304e-05,5.231227044618301e-05,0.8794152061545583,0.4
magic_ball,3e-05,1.0,0.7826564143007361,0.7827237776025237,0.7830901682439537,0.7832939011566772,7560.277548653056,7560.1560659213965,0.445,6.736330178759297e-05,9.112207985773559e-05,0.7392643132461855,0.625,0.00020373291272344775,0.00010459807443754162,1.9477692473689108,0.55
magic_ball,3e-05,2.0,0.7826564143007361,0.7827960699263932,0.7830901682439537,0.783425341745531,7560.277548653056,7560.5582774612,0.44775,0.0001396556256572007,0.00011468355544275364,1.2177476109633898,0.6,0.000335173501577285,0.00015177087024462874,2.2084178672563617,0.525
magic_ball,3e-05,5.0,0.7826564143007361,0.6142218717139853,0.7830901682439537,0.611264458464774,7560.277548653056,12011.016776998458,0.99065,-0.16843454258675078,0.005984175585458718,-28.146657828028854,0.0,-0.17182570977917982,0.005191877129391238,-33.09510327324076,0.0
magic_ball,1e-05,0.0,0.7827122765509988,0.7827122765509988,0.7833596214511042,0.7833596214511042,7560.171799108568,7560.171799108568,0.2585,0.0,1e-300,0.0,0.0,0.0,1e-300,0.0,0.0
magic_ball,1e-05,0.25,0.7827122765509988,0.7827221345951629,0.7833596214511042,0.7832939011566772,7560.171799108568,7560.1441663334745,0.258175,9.858044164048896e-06,4.329757848467185e-05,0.22768118931960196,0.45,-6.572029442691862e-05,6.70548528315498e-05,-0.9800975119879278,0.3
magic_ball,1e-05,1.0,0.7827122765509988,0.7827402076761304,0.7833596214511042,0.783149316508938,7560.171799108568,7560.083394604933,0.2575,2.7931125131441803e-05,8.467753719906617e-05,0.32985282821557815,0.475,-0.0002103049421661396,0.00015036699663859574,-1.3986110440950257,0.35
magic_ball,1e-05,2.0,0.7827122765509988,0.7827287066246057,0.7833596214511042,0.7831821766561514,7560.171799108568,7560.1913297233405,0.257825,1.6430073606729656e-05,0.0001268909740796463,0.12948181480912038,0.525,-0.00017744479495268028,0.00019207066150546444,-0.923851636485523,0.325
magic_ball,1e-05,5.0,0.7827122765509988,0.7827385646687697,0.7833596214511042,0.7831887486855942,7560.171799108568,7561.150543937532,0.266575,2.628811777076745e-05,0.00019748079952364012,0.13311733512411944,0.575,-0.00017087276550998843,0.00019141510368418863,-0.8926817279367226,0.375
magic_ball,3e-06,0.0,0.7823130257623554,0.7823130257623554,0.7831230283911672,0.7831230283911672,7561.478715114159,7561.478715114159,0.0963,0.0,1e-300,0.0,0.0,0.0,1e-300,0.0,0.0
magic_ball,3e-06,0.25,0.7823130257623554,0.7823541009463723,0.7831230283911672,0.7831361724500525,7561.478715114159,7561.452897553661,0.096275,4.107518401681998e-05,3.892957659945476e-05,1.0551150976914367,0.475,1.3144058885383724e-05,5.721625281536064e-05,0.22972596488973474,0.375
magic_ball,3e-06,1.0,0.7823130257623554,0.7824083201892744,0.7831230283911672,0.7830441640378549,7561.478715114159,7561.475345313898,0.095725,9.52944269190209e-05,6.340237899389086e-05,1.5030102723464525,0.525,-7.886435331230234e-05,0.00015357347660309415,-0.5135284754679664,0.375
magic_ball,3e-06,2.0,0.7823130257623554,0.7826054810725552,0.7831230283911672,0.7831821766561514,7561.478715114159,7561.3446306439755,0.095275,0.0002924553101997879,0.00012056263096518207,2.4257542147056133,0.625,5.9148264984226764e-05,0.00018600120528502654,0.317999364001908,0.425
magic_ball,3e-06,5.0,0.7823130257623554,0.7825939800210305,0.7831230283911672,0.7832610410094637,7561.478715114159,7561.026829683549,0.0981,0.0002809542586750868,0.00015509453052494905,1.8115033310597084,0.575,0.00013801261829652912,0.00023793502225071716,0.5800433117874607,0.575
magic_ball,1e-06,0.0,0.7810331230283911,0.7810331230283911,0.7811908517350158,0.7811908517350158,7591.413283972879,7591.413283972879,0.001475,0.0,1e-300,0.0,0.0,0.0,1e-300,0.0,0.0
magic_ball,1e-06,0.25,0.7810331230283911,0.7810511961093585,0.7811908517350158,0.7810002628811776,7591.413283972879,7591.394952314474,0.00155,1.807308096740401e-05,6.860542649879029e-05,0.26343515214095625,0.475,-0.0001905888538380668,0.00012344134134079603,-1.5439629201038116,0.4
magic_ball,1e-06,1.0,0.7810331230283911,0.7810166929547844,0.7811908517350158,0.7809476866456362,7591.413283972879,7590.722375936527,0.00145,-1.643007360673243e-05,0.0001303990505681407,-0.12599841436841452,0.525,-0.0002431650893796017,0.00019707941822231457,-1.2338431459407921,0.375
magic_ball,1e-06,2.0,0.7810331230283911,0.7810955573080968,0.7811908517350158,0.7810528391167193,7591.413283972879,7589.60226396634,0.001275,6.243427970557547e-05,0.0001632687195040787,0.3824019683330447,0.525,-0.00013801261829653189,0.0002351257182832194,-0.5869737232670121,0.45
magic_ball,1e-06,5.0,0.7810331230283911,0.7817839773922187,0.7811908517350158,0.7818414826498422,7591.413283972879,7586.899719060896,0.001175,0.0007508543638275411,0.00023281924027910127,3.225052890506063,0.75,0.0006506309148264971,0.00030310908327652665,2.1465239767589743,0.675
magic_lp,0.0001,0.0,0.7835091351209253,0.7835091351209253,0.7840102523659306,0.7840102523659306,7558.629903818006,7558.629903818006,0.0,0.0,1e-300,0.0,0.0,0.0,1e-300,0.0,0.0
magic_lp,0.0001,0.25,0.7835091351209253,0.7834384858044163,0.7840102523659306,0.7840628286014721,7558.629903818006,7558.773793641614,0.0,-7.064931650893891e-05,6.060882171535909e-05,-1.1656606168774177,0.4,5.25762355415349e-05,0.00010447624238991313,0.5032362797401965,0.475
magic_lp,0.0001,1.0,0.7835091351209253,0.6152126051524711,0.7840102523659306,0.6126840168243953,7558.629903818006,13974.547712551834,0.98455,-0.16829652996845423,0.007819913919052358,-21.521532296975582,0.0,-0.17132623554153525,0.008128633691884678,-21.076879834378676,0.0
magic_lp,0.0001,2.0,0.7835091351209253,0.5697226603575183,0.7840102523659306,0.5707281808622502,7558.629903818006,15882.53114276565,0.998,-0.21378647476340693,0.010139715897601959,-21.08406950671738,0.0,-0.21328207150368034,0.009902272500519789,-21.53869947453827,0.0
magic_lp,0.0001,5.0,0.7835091351209253,0.5285078207150369,0.7840102523659306,0.5288249211356467,7558.629903818006,18153.89991937247,0.999475,-0.2550013144058886,0.013811088049452382,-18.463521012451988,0.0,-0.2551853312302839,0.013211366088336054,-19.31559003997171,0.0
magic_lp,3e-05,0.0,0.7832708990536277,0.7832708990536277,0.7838130914826499,0.7838130914826499,7557.724401986768,7557.724401986768,0.0,0.0,1e-300,0.0,0.0,0.0,1e-300,0.0,0.0
magic_lp,3e-05,0.25,0.7832708990536277,0.7832133937960042,0.7838130914826499,0.7839116719242902,7557.724401986768,7557.974093246397,0.0,-5.750525762356351e-05,6.804622464695472e-05,-0.8450910821565625,0.5,9.858044164037794e-05,9.538300065295804e-05,1.033522126223031,0.45
magic_lp,3e-05,1.0,0.7832708990536277,0.7832511829652997,0.7838130914826499,0.7838919558359623,7557.724401986768,7558.105648057293,0.0,-1.9716088328078364e-05,0.00013062074115332818,-0.1509414826006444,0.4,7.886435331230234e-05,0.00020192286403439955,0.39056673294247163,0.475
magic_lp,3e-05,2.0,0.7832708990536277,0.5998636303890642,0.7838130914826499,0.5983175604626709,7557.724401986768,14262.962574296316,0.95445,-0.1834072686645636,0.00653909985206249,-28.04778529367698,0.0,-0.18549553101997898,0.007059527744369196,-26.2759121766939,0.0
magic_lp,3e-05,5.0,0.7832708990536277,0.5162263406940063,0.7838130914826499,0.5178627760252367,7557.724401986768,17234.85360200145,0.996875,-0.2670445583596215,0.013047794673692653,-20.46664321734343,0.0,-0.26595031545741327,0.012407756621601205,-21.43419826549537,0.0
magic_lp,1e-05,0.0,0.7831805336487908,0.7831805336487908,0.7839116719242902,0.7839116719242902,7557.5367847257385,7557.5367847257385,0.0,0.0,1e-300,0.0,0.0,0.0,1e-300,0.0,0.0
magic_lp,1e-05,0.25,0.7831805336487908,0.7831756046267087,0.7839116719242902,0.783832807570978,7557.5367847257385,7557.635396972834,0.0,-4.929022082020285e-06,5.3057847965301306e-05,-0.09289902005154373,0.45,-7.886435331230234e-05,0.00010985017273753122,-0.7179265298083386,0.35
magic_lp,1e-05,1.0,0.7831805336487908,0.7831591745531019,0.7839116719242902,0.7836685068349106,7557.5367847257385,7558.129660461083,0.0,-2.135909568874439e-05,0.00012280241820616868,-0.1739305788985796,0.5,-0.0002431650893795989,0.00018139521704112877,-1.3405264667175028,0.35
magic_lp,1e-05,2.0,0.7831805336487908,0.7833481203995794,0.7839116719242902,0.7839116719242902,7557.5367847257385,7558.325361485118,0.0,0.00016758675078865358,0.00017106952145525185,0.9796411971169904,0.5,0.0,0.00018154473580411957,0.0,0.425
magic_lp,1e-05,5.0,0.7831805336487908,0.5371713985278654,0.7839116719242902,0.53818349106204,7557.5367847257385,16635.362138747027,0.972275,-0.24600913512092532,0.009169645215799566,-26.828642693508403,0.0,-0.24572818086225023,0.008655221323269019,-28.390744925450427,0.0
magic_lp,3e-06,0.0,0.782636698212408,0.782636698212408,0.7834647739221872,0.7834647739221872,7559.148972108817,7559.148972108817,0.0,0.0,1e-300,0.0,0.0,0.0,1e-300,0.0,0.0
magic_lp,3e-06,0.25,0.782636698212408,0.7827106335436383,0.7834647739221872,0.7834384858044163,7559.148972108817,7559.167542647374,0.0,7.393533123028483e-05,5.2628212085864196e-05,1.4048611628618042,0.6,-2.628811777076745e-05,6.967908990779205e-05,-0.3772741263635206,0.35
magic_lp,3e-06,1.0,0.782636698212408,0.7827681388012617,0.7834647739221872,0.7832873291272345,7559.148972108817,7558.976087891296,0.0,0.00013144058885384,0.00012161555975921615,1.0807875991696805,0.55,-0.00017744479495268028,0.00020262095016457488,-0.8757475217076726,0.325
magic_lp,3e-06,2.0,0.782636698212408,0.7828453601472135,0.7834647739221872,0.7833004731861198,7559.148972108817,7558.88800831044,0.0,0.00020866193480546802,0.00013793410675501624,1.5127653320441692,0.475,-0.00016430073606729656,0.00017296956086492314,-0.9498823680058001,0.4
magic_lp,3e-06,5.0,0.782636698212408,0.7792751051524711,0.7834647739221872,0.7797712933753943,7559.148972108817,7709.211144887226,0.019125,-0.0033615930599368987,0.003510459002633497,-0.9575935959984374,0.525,-0.0036934805467928487,0.0037433146245277205,-0.986687178948748,0.5
magic_lp,1e-06,0.0,0.7810413380651944,0.7810413380651944,0.7811908517350158,0.7811908517350158,7591.169162822519,7591.169162822519,0.0,0.0,1e-300,0.0,0.0,0.0,1e-300,0.0,0.0
magic_lp,1e-06,0.25,0.7810413380651944,0.781245070977918,0.7811908517350158,0.7812105678233439,7591.169162822519,7590.681263457375,0.0,0.00020373291272345607,9.823719981285296e-05,2.0738876221184843,0.6,1.971608832807281e-05,0.00017212232648453724,0.11454695466159658,0.425
magic_lp,1e-06,1.0,0.7810413380651944,0.7811892087276551,0.7811908517350158,0.7815851735015773,7591.169162822519,7590.549891980855,0.0,0.00014787066246057523,0.00019539410671438962,0.756781588488336,0.5,0.000394321766561509,0.00028534478917201114,1.381913325649709,0.575
magic_lp,1e-06,2.0,0.7810413380651944,0.7814931650893795,0.7811908517350158,0.7815457413249212,7591.169162822519,7589.6151844733395,0.0,0.00045182702418507524,0.0002546661409043094,1.7741935483871367,0.55,0.00035488958990536056,0.0003324613550569474,1.0674611785919341,0.55
magic_lp,1e-06,5.0,0.7810413380651944,0.781677181913775,0.7811908517350158,0.7818809148264985,7591.169162822519,7585.739307151494,0.0,0.0006358438485804307,0.0003155380393246954,2.015109968805168,0.625,0.0006900630914826484,0.0003560283501497011,1.9382251194111197,0.475
titanic_ball,0.0001,0.0,0.8001755617977528,0.8001755617977528,0.8062849162011172,0.8062849162011172,383.4285169269257,383.4285169269257,0.28213333333333335,0.0,1e-300,0.0,0.0,0.0,1e-300,0.0,0.0
titanic_ball,0.0001,0.25,0.8001755617977528,0.8001053370786517,0.8062849162011172,0.8062849162011172,383.4285169269257,383.41867965107093,0.2826166666666667,-7.02247191011196e-05,0.0006802035777729795,-0.10324073762010903,0.3,-8.326672684688674e-18,0.0006634313810003964,-1.2550917733395096e-14,0.15
titanic_ball,0.0001,1.0,0.8001755617977528,0.7997542134831461,0.8062849162011172,0.8067039106145252,383.4285169269257,383.4392273268857,0.28545,-0.00042134831460673985,0.000935699153940132,-0.4503031907557956,0.425,0.0004189944134078194,0.0014057503134515604,0.2980574924284071,0.25
titanic_ball,0.0001,2.0,0.8001755617977528,0.7995084269662922,0.8062849162011172,0.8058659217877097,383.4285169269257,383.5700306433903,0.28658333333333336,-0.000667134831460675,0.0013456292696018297,-0.49577907268476673,0.475,-0.0004189944134078277,0.0016298319415731818,-0.25707829299467333,0.4
titanic_ball,0.0001,5.0,0.8001755617977528,0.7970505617977528,0.8062849162011172,0.8060055865921788,383.4285169269257,383.85351562538597,0.2891666666666667,-0.0031250000000000028,0.002263834476581918,-1.3804012759441349,0.375,-0.0002793296089385583,0.003020087083687914,-0.09249058096611605,0.5
titanic_ball,3e-05,0.0,0.7975772471910112,0.7975772471910112,0.806145251396648,0.806145251396648,383.9482667395532,383.9482667395532,0.10458333333333333,0.0,1e-300,0.0,0.0,0.0,1e-300,0.0,0.0
titanic_ball,3e-05,0.25,0.7975772471910112,0.7978230337078651,0.806145251396648,0.806145251396648,383.9482667395532,383.9443612947799,0.10536666666666666,0.00024578651685392696,0.00037594996303151937,0.6537745472083486,0.425,0.0,0.0008247534261844858,0.0,0.275
titanic_ball,3e-05,1.0,0.7975772471910112,0.7991573033707866,0.806145251396648,0.8078212290502794,383.9482667395532,383.69682389934275,0.11076666666666667,0.0015800561797752826,0.001071742107041329,1.4742876755465126,0.525,0.0016759776536312914,0.0020418955711489083,0.8207949893775778,0.35
titanic_ball,3e-05,2.0,0.7975772471910112,0.8000351123595506,0.806145251396648,0.8079608938547487,383.9482667395532,383.55041536716055,0.11325,0.0024578651685393305,0.0015837032559480437,1.551973300116752,0.55,0.0018156424581005665,0.002738230327790053,0.6630714880606554,0.425
titanic_ball,3e-05,5.0,0.7975772471910112,0.7999297752808988,0.806145251396648,0.8065642458100559,383.9482667395532,383.7366585436941,0.11458333333333333,0.00235252808988764,0.0019718068810132463,1.1930824020041728,0.6,0.0004189944134078305,0.0027745214918285205,0.15101501813622514,0.475
titanic_ball,1e-05,0.0,0.7649227528089888,0.7649227528089888,0.7731843575418994,0.7731843575418994,400.4084321783811,400.4084321783811,0.00745,0.0,1e-300,0.0,0.0,0.0,1e-300,0.0,0.0
titanic_ball,1e-05,0.25,0.7649227528089888,0.7649929775280899,0.7731843575418994,0.771508379888268,400.4084321783811,400.1900204345419,0.007566666666666667,7.022471910111683e-05,0.0010082279239465109,0.069651630780306,0.45,-0.0016759776536312888,0.0016878726052606142,-0.9929526958419419,0.325
titanic_ball,1e-05,1.0,0.7649227528089888,0.7660463483146067,0.7731843575418994,0.7698324022346369,400.4084321783811,399.0110468114606,0.0068,0.001123595505617972,0.0027189546879431495,0.4132453955928026,0.475,-0.0033519553072625637,0.004185405554111152,-0.8008675058908152,0.5
titanic_ball,1e-05,2.0,0.7649227528089888,0.7691362359550562,0.7731843575418994,0.7743016759776535,400.4084321783811,397.5375291913145,0.0054,0.004213483146067407,0.003943116734882112,1.0685666769115774,0.6,0.0011173184357541998,0.005383056373151783,0.2075620908090192,0.475
titanic_ball,1e-05,5.0,0.7649227528089888,0.7769311797752809,0.7731843575418994,0.7914804469273744,400.4084321783811,395.0355370543519,0.005583333333333333,0.012008426966292129,0.00364202884610605,3.2971806302773206,0.7,0.01829608938547486,0.00562580245020649,3.25217416491461,0.65
titanic_ball,3e-06,0.0,0.6930126404494382,0.6930126404494382,0.7002793296089385,0.7002793296089385,444.16543171998984,444.16543171998984,0.0,0.0,1e-300,0.0,0.0,0.0,1e-300,0.0,0.0
titanic_ball,3e-06,0.25,0.6930126404494382,0.6936095505617977,0.7002793296089385,0.6997206703910615,444.16543171998984,444.13819785816213,0.0,0.0005969101123595472,0.0006819441517076393,0.8753064468180269,0.425,-0.000558659217877086,0.0012777025137360128,-0.437237316097596,0.3
titanic_ball,3e-06,1.0,0.6930126404494382,0.6954002808988764,0.7002793296089385,0.6995810055865921,444.16543171998984,443.8964219009498,0.0,0.0023876404494382053,0.002550002667427956,0.9363286085682739,0.525,-0.000698324022346361,0.004196802389750533,-0.16639430630610913,0.375
titanic_ball,3e-06,2.0,0.6930126404494382,0.6976825842696629,0.7002793296089385,0.7039106145251396,444.16543171998984,443.494108425021,0.0,0.004669943820224717,0.003708240111113979,1.2593423511677178,0.525,0.0036312849162011217,0.0061117905034283534,0.5941442060496324,0.475
titanic_ball,3e-06,5.0,0.6930126404494382,0.6964887640449439,0.7002793296089385,0.7043296089385475,444.16543171998984,442.9989156176063,0.0,0.003476123595505623,0.006596675584931675,0.5269508179917001,0.45,0.004050279329608944,0.01025052230303223,0.395129068536422,0.475
titanic_ball,1e-06,0.0,0.6193820224719101,0.6193820224719101,0.6310055865921788,0.6310055865921788,491.7370079841776,491.7370079841776,0.0,0.0,1e-300,0.0,0.0,0.0,1e-300,0.0,0.0
titanic_ball,1e-06,0.25,0.6193820224719101,0.6193469101123595,0.6310055865921788,0.6315642458100559,491.7370079841776,491.72386840062245,0.0,-3.511235955056258e-05,0.0007943229317239243,-0.04420413681669493,0.325,0.0005586592178770958,0.0009339592214698755,0.5981623234019486,0.2
titanic_ball,1e-06,1.0,0.6193820224719101,0.6171348314606742,0.6310055865921788,0.628072625698324,491.7370079841776,491.65653217010475,0.0,-0.0022471910112359466,0.002218307791191173,-1.0130203843485868,0.425,-0.0029329608938547455,0.0022806070540244273,-1.286043945483355,0.325
titanic_ball,1e-06,2.0,0.6193820224719101,0.614255617977528,0.6310055865921788,0.6247206703910615,491.7370079841776,491.626907510505,0.0,-0.005126404494382027,0.003346597491708508,-1.5318258341743065,0.45,-0.006284916201117314,0.003378040955991011,-1.8605210188381265,0.275
titanic_ball,1e-06,5.0,0.6193820224719101,0.6139044943820224,0.6310055865921788,0.6174581005586592,491.7370079841776,491.41953088258606,0.0,-0.005477528089887644,0.0056524887123951435,-0.969047152252806,0.45,-0.013547486033519546,0.007788129307514215,-1.7395045072567727,0.35
titanic_lp,0.0001,0.0,0.80561797752809,0.80561797752809,0.8020949720670391,0.8020949720670391,371.0864416775279,371.0864416775279,0.1652125,0.0,1e-300,0.0,0.0,0.0,1e-300,0.0,0.0
titanic_lp,0.0001,0.25,0.80561797752809,0.8055477528089888,0.8020949720670391,0.8026536312849162,371.0864416775279,371.1007302733268,0.16595,-7.022471910112516e-05,0.0004900272027301898,-0.1433077974240362,0.4,0.0005586592178770889,0.0010355404424539625,0.5394856588635122,0.4
titanic_lp,0.0001,1.0,0.80561797752809,0.8051264044943821,0.8020949720670391,0.8047486033519554,371.0864416775279,371.57130394917925,0.167325,-0.0004915730337078705,0.0007799654866212618,-0.6302497253273595,0.45,0.0026536312849161914,0.0016493552363153095,1.608890084130362,0.5
titanic_lp,0.0001,2.0,0.80561797752809,0.8047050561797754,0.8020949720670391,0.8011173184357542,371.0864416775279,371.8430718135293,0.1689125,-0.0009129213483146048,0.0012293055161195039,-0.7426317838354656,0.35,-0.0009776536312849193,0.0017539917152054594,-0.557387827325284,0.375
titanic_lp,0.0001,5.0,0.80561797752809,0.7697331460674157,0.8020949720670391,0.780586592178771,371.0864416775279,391.07209912710243,0.258075,-0.03588483146067416,0.0035878102238176787,-10.001875579274706,0.025,-0.021508379888268165,0.0047696224142787565,-4.509451277291638,0.2
titanic_lp,3e-05,0.0,0.8066011235955056,0.8066011235955056,0.8037709497206704,0.8037709497206704,371.62567497763837,371.62567497763837,0.04265,0.0,1e-300,0.0,0.0,0.0,1e-300,0.0,0.0
titanic_lp,3e-05,0.25,0.8066011235955056,0.8071980337078651,0.8037709497206704,0.8043296089385474,371.62567497763837,371.3108640236159,0.043125,0.0005969101123595583,0.0010156472645075866,0.5877139960091917,0.375,0.0005586592178770999,0.001091962689981315,0.5116101703865535,0.425
titanic_lp,3e-05,1.0,0.8066011235955056,0.8077247191011235,0.8037709497206704,0.8029329608938547,371.62567497763837,371.3770564907369,0.046825,0.0011235955056179802,0.0010320883747681933,1.0886621079036372,0.525,-0.0008379888268156388,0.0012257577232978741,-0.6836496404534562,0.325
titanic_lp,3e-05,2.0,0.8066011235955056,0.8055477528089888,0.8037709497206704,0.8047486033519554,371.62567497763837,371.32993900928585,0.0479875,-0.0010533707865168606,0.001198260591574562,-0.8790832260724603,0.375,0.0009776536312849277,0.0014953987356337546,0.6537745472083706,0.325
titanic_lp,3e-05,5.0,0.8066011235955056,0.805056179775281,0.8037709497206704,0.8047486033519554,371.62567497763837,372.4416622789693,0.051625,-0.0015449438202247145,0.0012680400389388352,-1.2183714810122301,0.375,0.0009776536312849165,0.002190214347975087,0.44637349407777555,0.35
titanic_lp,1e-05,0.0,0.782373595505618,0.782373595505618,0.787290502793296,0.787290502793296,389.7837104888198,389.7837104888198,0.0001,0.0,1e-300,0.0,0.0,0.0,1e-300,0.0,0.0
titanic_lp,1e-05,0.25,0.782373595505618,0.7861657303370787,0.787290502793296,0.7920391061452514,389.7837104888198,389.98541727261534,7.5e-05,0.0037921348314606724,0.0015255056465181749,2.4858215635686887,0.575,0.004748603351955311,0.001750137881659508,2.713273852145073,0.625
titanic_lp,1e-05,1.0,0.782373595505618,0.7926966292134832,0.787290502793296,0.7997206703910614,389.7837104888198,388.0823632084354,0.0,0.010323033707865168,0.002857878171868131,3.6121321788595457,0.6,0.012430167597765367,0.0038084318206133973,3.263854568824427,0.65
titanic_lp,1e-05,2.0,0.782373595505618,0.7908005617977528,0.787290502793296,0.8011173184357542,389.7837104888198,386.1948138138285,0.0,0.00842696629213483,0.0034637380877411235,2.4329109414939842,0.525,0.013826815642458103,0.004386989173935028,3.151777926558175,0.675
titanic_lp,1e-05,5.0,0.782373595505618,0.7959269662921349,0.787290502793296,0.8012569832402235,389.7837104888198,385.1127844545399,0.0,0.013553370786516857,0.003427977892407034,3.953750931864979,0.725,0.013966480446927379,0.00471244353232946,2.963744891819097,0.575
titanic_lp,3e-06,0.0,0.7130266853932584,0.7130266853932584,0.7153631284916201,0.7153631284916201,431.8540404219399,431.8540404219399,0.0,0.0,1e-300,0.0,0.0,0.0,1e-300,0.0,0.0
titanic_lp,3e-06,0.25,0.7130266853932584,0.7135533707865168,0.7153631284916201,0.7167597765363128,431.8540404219399,432.0778460353804,0.0,0.0005266853932584276,0.0011606705307549484,0.45377682925735136,0.5,0.001396648044692736,0.002114576656488744,0.6604858898858134,0.375
titanic_lp,3e-06,1.0,0.7130266853932584,0.7101123595505617,0.7153631284916201,0.7153631284916202,431.8540404219399,432.1998821550982,0.0,-0.00291432584269663,0.003689437737216861,-0.7899105636879675,0.475,-8.326672684688674e-18,0.004911999611059576,-1.6951696547248936e-15,0.525
titanic_lp,3e-06,2.0,0.7130266853932584,0.7094101123595505,0.7153631284916201,0.7160614525139664,431.8540404219399,431.3064925557108,0.0,-0.003616573033707862,0.005138805851093391,-0.7037769354408201,0.425,0.000698324022346361,0.007248748597480699,0.09633718330210313,0.475
titanic_lp,3e-06,5.0,0.7130266853932584,0.7206811797752808,0.7153631284916201,0.7266759776536313,431.8540404219399,427.97685230665746,0.0,0.007654494382022472,0.006035503520639004,1.2682445393076431,0.55,0.011312849162011173,0.007873969101039248,1.436740355066677,0.65
titanic_lp,1e-06,0.0,0.635814606741573,0.635814606741573,0.6462290502793296,0.6462290502793296,479.8753501439842,479.8753501439842,0.0,0.0,1e-300,0.0,0.0,0.0,1e-300,0.0,0.0
titanic_lp,1e-06,0.25,0.635814606741573,0.6357092696629213,0.6462290502793296,0.6472067039106145,479.8753501439842,479.9858553435521,0.0,-0.00010533707865167385,0.000999963556732868,-0.10534091761887457,0.4,0.0009776536312849193,0.0015219208424785715,0.6423813933008047,0.35
titanic_lp,1e-06,1.0,0.635814606741573,0.6356039325842696,0.6462290502793296,0.6501396648044693,479.8753501439842,480.38185283487485,0.0,-0.0002106741573033602,0.0030074945945081128,-0.07004972101631217,0.475,0.003910614525139676,0.0031066213273618936,1.2587998706815433,0.425
titanic_lp,1e-06,2.0,0.635814606741573,0.6330407303370785,0.6462290502793296,0.6476256983240223,479.8753501439842,480.3960224850401,0.0,-0.0027738764044943714,0.004524746036549057,-0.6130457670083861,0.425,0.0013966480446927457,0.005287624158100815,0.26413527189768865,0.5
titanic_lp,1e-06,5.0,0.635814606741573,0.628686797752809,0.6462290502793296,0.6365921787709496,479.8753501439842,480.58631918136996,0.0,-0.007127808988764028,0.00533072230149438,-1.3371187965964508,0.35,-0.009636871508379878,0.007489826171330108,-1.2866615710346292,0.35
