experiment,eta,s,train,train_sd,test,test_sd,d_train,t_train,d_test,t_test,U,proj,nonfinite
magic_ball,0.0001,reversible,0.7829620136698213,0.0011331373841652827,0.7834674027339645,0.0014642302586501583,0.0,0.0,0.0,0.0,7560.426564324198,0.68286,0
magic_ball,0.0001,0,0.7829620136698213,0.0011331373841652827,0.7834674027339645,0.0014642302586501583,0.0,0.0,0.0,0.0,7560.426564324198,0.68286,0
magic_ball,0.0001,0.25,0.7829626708727655,0.0011651403720455747,0.7835515247108308,0.0014275193437352895,6.572029442686311e-07,0.02613875530467399,8.412197686645584e-05,1.9243434214662678,7560.440995463266,0.68307,0
magic_ball,0.0001,1,0.7828719768664563,0.0012270768104655232,0.783359621451104,0.001377674113945426,-9.00368033648813e-05,-1.4720184385385497,-0.00010778128286014654,-1.2145358289130557,7560.584794074925,0.68602,0
magic_ball,0.0001,2,0.7600716351209253,0.02207304215536332,0.760060462670873,0.02320855242961481,-0.022890378548895883,-10.32133810948212,-0.023406940063091488,-9.961656721192377,8152.375238253944,0.87987,0
magic_ball,0.0001,5,0.5668815720294427,0.05843832408058248,0.5659621451104101,0.05535865110306318,-0.21608044164037857,-36.92141854295589,-0.21750525762355416,-39.26340582269063,13856.929478157588,0.99928,0
magic_ball,3e-05,reversible,0.7830034174553103,0.0010135984199712619,0.7834148264984226,0.0012537352524627785,0.0,0.0,0.0,0.0,7560.1307083707015,0.44223,0
magic_ball,3e-05,0,0.7830034174553103,0.0010135984199712619,0.7834148264984226,0.0012537352524627785,0.0,0.0,0.0,0.0,7560.1307083707015,0.44223,0
magic_ball,3e-05,0.25,0.7830283911671924,0.0010011228098089477,0.7834043112513145,0.001210888824844423,2.4973711882230186e-05,1.0999509112578751,-1.051524710830698e-05,-0.24882462912669542,7560.114012574959,0.4421,0
magic_ball,3e-05,1,0.782971214511041,0.0010328837390785283,0.7834516298633019,0.0011217850465683617,-3.220294426919401e-05,-0.5880004276369031,3.680336487907443e-05,0.49125479850164616,7560.18164275993,0.44221,0
magic_ball,3e-05,2,0.7829817297581494,0.0010091118510827746,0.7835383806519454,0.0012353861583299685,-2.1687697160884812e-05,-0.27633968392109526,0.000123554153522607,1.1413050720091125,7560.434726982935,0.44415,0
magic_ball,3e-05,5,0.6142001840168244,0.03323970120662807,0.6134174553101999,0.03202274108983676,-0.16880323343848577,-50.68687259903981,-0.16999737118822292,-53.09943960384518,11904.346205374719,0.99098,0
magic_ball,1e-05,reversible,0.7830494216614089,0.001011396554646251,0.7835199789695058,0.0013202321244345976,0.0,0.0,0.0,0.0,7560.10925293765,0.2537,0
magic_ball,1e-05,0,0.7830494216614089,0.001011396554646251,0.7835199789695058,0.0013202321244345976,0.0,0.0,0.0,0.0,7560.10925293765,0.2537,0
magic_ball,1e-05,0.25,0.7830310199789693,0.0010038506201282544,0.7835699263932703,0.001307483710964039,-1.8401682439541657e-05,-0.8376578325257737,4.994742376445816e-05,1.1876171555137467,7560.07752764591,0.25339,0
magic_ball,1e-05,1,0.7829791009463724,0.001057263518077569,0.7835488958990535,0.0012317645784067752,-7.032071503680459e-05,-1.5789279028209764,2.8916929547844193e-05,0.38846998670885424,7560.036255146293,0.2534,0
magic_ball,1e-05,2,0.7828772344900105,0.0010327960896892743,0.7834174553101998,0.0012348775154354182,-0.00017218717139853013,-2.6129413956211724,-0.00010252365930599305,-1.050771907837031,7560.096446941552,0.25416,0
magic_ball,1e-05,5,0.7829449263932702,0.0011461121380090152,0.7834647739221872,0.0012651555406778933,-0.00010449526813879672,-0.9595961071531065,-5.5205047318611646e-05,-0.42295043727159565,7560.8150508649915,0.25901,0
magic_ball,3e-06,reversible,0.782785883280757,0.0011125160613805675,0.7835120925341745,0.001361353416469564,0.0,0.0,0.0,0.0,7561.184688908856,0.0893,0
magic_ball,3e-06,0,0.782785883280757,0.0011125160613805675,0.7835120925341745,0.001361353416469564,0.0,0.0,0.0,0.0,7561.184688908856,0.0893,0
magic_ball,3e-06,0.25,0.7828023133543637,0.0011227289339264589,0.7835462670872765,0.0013641271781960325,1.6430073606737984e-05,0.6699075050161623,3.417455310199768e-05,0.785286350709984,7561.123642680409,0.08908,0
magic_ball,3e-06,1,0.7828332018927443,0.0011793490285106362,0.7835094637223975,0.0013175646332621639,4.7318611987379186e-05,0.8935250957718657,-2.628811777076745e-06,-0.03675095021227806,7560.920267855566,0.08862,0
magic_ball,3e-06,2,0.7827839116719244,0.0012982657299724094,0.783388538380652,0.0014225425091406146,-1.971608832804783e-06,-0.02462549351255731,-0.000123554153522607,-1.2521096463006425,7560.806080274625,0.08905,0
magic_ball,3e-06,5,0.7827885120925342,0.0012891732186882607,0.7832781282860146,0.001450531641327755,2.628811777082296e-06,0.026825598176412245,-0.0002339642481598303,-2.2016411337203023,7560.655156631986,0.09062,0
magic_ball,1e-06,reversible,0.7808510778128286,0.001893527442904551,0.7809989484752892,0.0024446307713488604,0.0,0.0,0.0,0.0,7591.343099911864,0.00044,0
magic_ball,1e-06,0,0.7808510778128286,0.001893527442904551,0.7809989484752892,0.0024446307713488604,0.0,0.0,0.0,0.0,7591.343099911864,0.00044,0
magic_ball,1e-06,0.25,0.7808530494216614,0.0019039857975466478,0.7809148264984226,0.002467458946385982,1.971608832803673e-06,0.049564469543191714,-8.412197686645584e-05,-1.1315423086931102,7591.119683087958,0.00038,0
magic_ball,1e-06,1,0.781044952681388,0.0019994218935134723,0.7808937960042062,0.00237564111099914,0.00019387486855940384,2.1390890704652454,-0.0001051524710830698,-0.7473507511704467,7589.885633030095,0.00037,0
magic_ball,1e-06,2,0.7810988433228181,0.0020528063674610754,0.7808622502628811,0.0025407726449669676,0.0002477655099894815,2.147744501152937,-0.0001366982124079963,-0.9085527452382643,7587.93930836169,0.00048,0
magic_ball,1e-06,5,0.7813045478443744,0.002181237331745895,0.7811461619348055,0.002502147675790356,0.0004534700315457385,2.937829743694679,0.0001472134595162955,0.7215830610282646,7586.542070603009,0.00047,0
magic_lp,0.0001,reversible,0.7835580967402735,0.0011138534856781916,0.7841062039957937,0.0013588591249208246,0.0,0.0,0.0,0.0,7558.136082582239,0.0,0
magic_lp,0.0001,0,0.7835580967402735,0.0011138534856781916,0.7841062039957937,0.0013588591249208246,0.0,0.0,0.0,0.0,7558.136082582239,0.0,0
magic_lp,0.0001,0.25,0.7835613827549947,0.0011299634694328972,0.7841035751840169,0.0013543490621532879,3.2860147213420454e-06,0.0810810810809855,-2.628811777076745e-06,-0.038128281378893666,7558.265640105037,0.0,0
magic_lp,0.0001,1,0.6282952155625656,0.05552989306571844,0.6283307045215561,0.05834227592822228,-0.15526288117770767,-27.973066396346237,-0.15577549947423763,-26.756607225342016,13383.783412353674,0.98412,0
magic_lp,0.0001,2,0.5861632492113564,0.06040063758083764,0.5857386961093585,0.05835671931571142,-0.19739484752891692,-32.66414473021766,-0.19836750788643534,-34.032241550798005,14651.030430604711,0.99805,0
magic_lp,0.0001,5,0.5511402471083071,0.08503715353811434,0.548180862250263,0.07960850555902846,-0.2324178496319664,-27.359094417425812,-0.235925341745531,-29.64565513524221,17245.50592201289,0.99942,0
magic_lp,3e-05,reversible,0.7835666403785488,0.001052659889160402,0.7840536277602524,0.0012304264307239573,0.0,0.0,0.0,0.0,7557.606819778019,0.0,0
magic_lp,3e-05,0,0.7835666403785488,0.001052659889160402,0.7840536277602524,0.0012304264307239573,0.0,0.0,0.0,0.0,7557.606819778019,0.0,0
magic_lp,3e-05,0.25,0.7834897476340694,0.0010773132126603076,0.7840641430073607,0.0013099799086917303,-7.689274447949645e-05,-2.403417802430871,1.051524710830698e-05,0.17695832719903257,7557.634314143581,0.0,0
magic_lp,3e-05,1,0.7834976340694005,0.0010175128973430188,0.7839221871713985,0.001188584279976016,-6.9006309148264e-05,-0.9093008419302919,-0.00013144058885383725,-1.2318579229629714,7558.131096027917,0.0,0
magic_lp,3e-05,2,0.5928029705573081,0.04258566495879102,0.5931098843322818,0.044967775538050675,-0.1907636698212408,-44.67656777837499,-0.19094374342797063,-42.32812262692437,14474.33471390067,0.9475,0
magic_lp,3e-05,5,0.5158661934805469,0.08396671989330776,0.5168270241850684,0.08320121417629031,-0.26770044689800204,-31.829897033391838,-0.2672266035751841,-32.03743419481422,17654.96380226487,0.99705,0
magic_lp,1e-05,reversible,0.783642875920084,0.0010486619395922152,0.7841377497371188,0.0011625163171507878,0.0,0.0,0.0,0.0,7557.5842710849865,0.0,0
magic_lp,1e-05,0,0.783642875920084,0.0010486619395922152,0.7841377497371188,0.0011625163171507878,0.0,0.0,0.0,0.0,7557.5842710849865,0.0,0
magic_lp,1e-05,0.25,0.7835942429022082,0.001036987961986847,0.7840641430073606,0.001240461116217089,-4.863301787592089e-05,-1.2688558348143142,-7.360672975814886e-05,-1.5718104959867516,7557.6545509344505,0.0,0
magic_lp,1e-05,1,0.7834424290220819,0.0011699495267016322,0.7840299684542588,0.0013556472741603567,-0.00020044689800210568,-2.2061005901773143,-0.00010778128286014654,-1.1814863722849493,7557.644803766798,0.0,0
magic_lp,1e-05,2,0.783418112513144,0.0011668680810061395,0.7839090431125132,0.001302131238448495,-0.0002247634069400617,-2.304369479774283,-0.00022870662460567682,-1.9369308294040783,7558.014615045077,0.0,0
magic_lp,1e-05,5,0.5334923764458466,0.06338071352476807,0.5357754994742376,0.061854458696499616,-0.25015049947423756,-39.45633072305707,-0.2483622502628812,-40.13136212669213,16806.515252088004,0.9726,0
magic_lp,3e-06,reversible,0.7830533648790747,0.001158361961091798,0.7838669821240799,0.0013965730087034602,0.0,0.0,0.0,0.0,7559.032566549511,0.0,0
magic_lp,3e-06,0,0.7830533648790747,0.001158361961091798,0.7838669821240799,0.0013965730087034602,0.0,0.0,0.0,0.0,7559.032566549511,0.0,0
magic_lp,3e-06,0.25,0.783029705573081,0.0011546030811746377,0.7838065194532071,0.0014422814786676354,-2.3659305993687374e-05,-0.5620843124514616,-6.0462670872765135e-05,-0.9778451773037183,7559.094468842599,0.0,0
magic_lp,3e-06,1,0.7829994742376448,0.001295492395113452,0.7836409043112513,0.0014521476883809757,-5.389064143007549e-05,-0.667490524420931,-0.00022607781282860007,-2.12333093806756,7559.231353855899,0.0,0
magic_lp,3e-06,2,0.7828962933753943,0.001353146816980702,0.7834989484752891,0.0014683054147142383,-0.00015707150368033719,-1.4244036165461484,-0.0003680336487907443,-3.0097879542273014,7559.0855161675745,0.0,0
magic_lp,3e-06,5,0.7780290483701365,0.027733148584356732,0.7786303890641431,0.02820614165759318,-0.005024316508937963,-1.7975762578582692,-0.005236593059936906,-1.8438462641908153,7726.679973298533,0.01968,0
magic_lp,1e-06,reversible,0.7808510778128286,0.001893527442904551,0.7809989484752892,0.0024446307713488604,0.0,0.0,0.0,0.0,7591.283641209414,0.0,0
magic_lp,1e-06,0,0.7808510778128286,0.001893527442904551,0.7809989484752892,0.0024446307713488604,0.0,0.0,0.0,0.0,7591.283641209414,0.0,0
magic_lp,1e-06,0.25,0.7810364090431124,0.0018270909261728842,0.7811487907465825,0.002378875497510882,0.00018533123028390718,3.30978767686604,0.00014984227129337445,1.4891282044729017,7590.700373249478,0.0,0
magic_lp,1e-06,1,0.7812315983175604,0.0018988268341005852,0.7810883280757099,0.0024727209446155983,0.0003805205047318505,4.192425745964666,8.937960042060934e-05,0.6004307875021954,7589.372264794904,0.0,0
magic_lp,1e-06,2,0.7812125394321767,0.0020664954425388257,0.7813932702418507,0.002711727043959674,0.0003614616193480502,3.1440888351109972,0.00039432176656151174,2.123681301823533,7587.7287760523695,0.0,0
magic_lp,1e-06,5,0.7810758412197687,0.0020938470135587403,0.7810751840168243,0.002528184583028218,0.0002247634069400517,1.2352861311214558,7.623554153522449e-05,0.33401871758396007,7585.999274901453,0.0,0
titanic_ball,0.0001,reversible,0.798370786516854,0.011445595618402086,0.8071508379888267,0.01332196047251558,0.0,0.0,0.0,0.0,383.2764428156095,0.2763466666666667,0
titanic_ball,0.0001,0,0.798370786516854,0.011445595618402086,0.8071508379888267,0.01332196047251558,0.0,0.0,0.0,0.0,383.2764428156095,0.2763466666666667,0
titanic_ball,0.0001,0.25,0.798370786516854,0.01161837848383269,0.8070391061452514,0.01378575012255502,-5.551115123125783e-18,-1.8621317100514353e-14,-0.00011173184357541999,-0.2198095808425146,383.24842076615744,0.27738,0
titanic_ball,0.0001,1,0.7978792134831462,0.011779794512917326,0.8062569832402237,0.01431218224783066,-0.000491573033707865,-0.7962630009595848,-0.0008938547486033476,-1.0464497284726701,383.2220481891748,0.2791666666666667,0
titanic_ball,0.0001,2,0.7985674157303371,0.011474909154209033,0.8052513966480446,0.014403084830071097,0.00019662921348313932,0.23044059313342735,-0.0018994413407821186,-1.6698277529990009,383.42228750125355,0.28002,0
titanic_ball,0.0001,5,0.7976685393258428,0.011534902024715674,0.8034078212290503,0.014548452683213716,-0.0007022471910112437,-0.6381796969930295,-0.0037430167597765373,-2.4085010190225313,383.820463285789,0.28284,0
titanic_ball,3e-05,reversible,0.7985674157303371,0.010259268755109843,0.8054189944134079,0.011991242027871194,0.0,0.0,0.0,0.0,383.97351023973454,0.09637333333333334,0
titanic_ball,3e-05,0,0.7985674157303371,0.010259268755109843,0.8054189944134079,0.011991242027871194,0.0,0.0,0.0,0.0,383.97351023973454,0.09637333333333334,0
titanic_ball,3e-05,0.25,0.7977668539325843,0.010927584805042181,0.8050279329608938,0.012029171439641448,-0.0008005617977528056,-2.362049695411741,-0.00039106145251395995,-0.6192317407713693,383.8417707651386,0.09735333333333333,0
titanic_ball,3e-05,1,0.7984129213483148,0.011409214538621799,0.8062011173184358,0.01122090705625087,-0.00015449438202246756,-0.22704494821372237,0.0007821229050279377,0.8774268044544011,383.6852261893051,0.10254666666666666,0
titanic_ball,3e-05,2,0.7985674157303371,0.009973678311728877,0.8064804469273743,0.01173788811370215,7.771561172376097e-18,8.90554534671938e-15,0.001061452513966491,0.9298035818858735,383.7151909075014,0.10586666666666666,0
titanic_ball,3e-05,5,0.7987780898876405,0.011189494725385576,0.805977653631285,0.01247571180106948,0.00021067415730337434,0.19687823355578407,0.0005586592178770988,0.39484872015877925,383.7178787785784,0.10830666666666666,0
titanic_ball,1e-05,reversible,0.7646207865168542,0.024699727727357495,0.7702234636871507,0.03546322802558959,0.0,0.0,0.0,0.0,400.0559776382082,0.00206,0
titanic_ball,1e-05,0,0.7646207865168542,0.024699727727357495,0.7702234636871507,0.03546322802558959,0.0,0.0,0.0,0.0,400.0559776382082,0.00206,0
titanic_ball,1e-05,0.25,0.7657022471910114,0.025491546653258795,0.770167597765363,0.03463905583527292,0.0010814606741573096,1.466929439880793,-5.5865921787706665e-05,-0.045750054718135626,399.77118805135086,0.0021533333333333335,0
titanic_ball,1e-05,1,0.7666432584269662,0.02705238024137265,0.7722346368715084,0.03487338947523891,0.002022471910112358,1.2299286681900616,0.002011173184357544,0.7316147580456324,398.95582185281864,0.00226,0
titanic_ball,1e-05,2,0.7703511235955056,0.02412050097645481,0.7784357541899444,0.03169437881287121,0.005730337078651687,2.5454162714213697,0.0082122905027933,2.1255878933919417,397.792150139273,0.0021866666666666666,0
titanic_ball,1e-05,5,0.7775140449438203,0.020537343714388374,0.786703910614525,0.026292078595450612,0.012893258426966297,6.225742005946824,0.01648044692737431,4.948179061161229,396.07702843273285,0.00272,0
titanic_ball,3e-06,reversible,0.6942696629213482,0.04163623201294557,0.7020111731843575,0.047822394557525905,0.0,0.0,0.0,0.0,446.49050176282384,0.0,0
titanic_ball,3e-06,0,0.6942696629213482,0.04163623201294557,0.7020111731843575,0.047822394557525905,0.0,0.0,0.0,0.0,446.49050176282384,0.0,0
titanic_ball,3e-06,0.25,0.6944241573033707,0.04059840865107084,0.7017318435754188,0.049479145737101146,0.00015449438202246756,0.29170330149285056,-0.0002793296089385444,-0.2813124431081575,446.4093050051152,0.0,0
titanic_ball,3e-06,1,0.6945786516853932,0.041623088771592945,0.7000558659217877,0.048480217005204156,0.0003089887640449385,0.18282644128511497,-0.001955307262569833,-0.8170301012335647,446.1988542422277,0.0,0
titanic_ball,3e-06,2,0.694438202247191,0.041602451348795845,0.7023463687150837,0.04763653012316208,0.00016853932584269372,0.07076212046828294,0.0003351955307262533,0.09592001087188148,445.9964531948124,0.0,0
titanic_ball,3e-06,5,0.6957022471910114,0.041015384901832416,0.7055865921787711,0.044794900444132424,0.0014325842696629165,0.35098096766496184,0.003575418994413403,0.6317878012017275,445.80120070026055,0.0,0
titanic_ball,1e-06,reversible,0.5963483146067415,0.08524456878731991,0.6035754189944135,0.09532466570265843,0.0,0.0,0.0,0.0,497.69377078971263,0.0,0
titanic_ball,1e-06,0,0.5963483146067415,0.08524456878731991,0.6035754189944135,0.09532466570265843,0.0,0.0,0.0,0.0,497.69377078971263,0.0,0
titanic_ball,1e-06,0.25,0.5967837078651685,0.08556468494854455,0.604245810055866,0.096735634942441,0.0004353932584269643,0.88113433611308,0.0006703910614525139,0.9307578419910342,497.6856581648322,0.0,0
titanic_ball,1e-06,1,0.5969101123595506,0.08427817457865211,0.6049720670391062,0.0956791116050142,0.0005617977528089885,0.553197813364237,0.001396648044692736,1.0921405973304659,497.67269458647854,0.0,0
titanic_ball,1e-06,2,0.5973735955056181,0.0818065518130194,0.6054189944134079,0.09506216328805205,0.0010252808988764001,0.7027153041089516,0.001843575418994412,0.8936078190070555,497.59245863654354,0.0,0
titanic_ball,1e-06,5,0.5978651685393259,0.08112976240805402,0.6084357541899442,0.09327932776533267,0.0015168539325842662,0.577039862573549,0.0048603351955307265,1.338052132030611,497.57600211126754,0.0,0
titanic_lp,0.0001,reversible,0.8052387640449439,0.009111036267497801,0.8053072625698325,0.012463576629566297,0.0,0.0,0.0,0.0,371.0912066447417,0.15535,0
titanic_lp,0.0001,0,0.8052387640449439,0.009111036267497801,0.8053072625698325,0.012463576629566297,0.0,0.0,0.0,0.0,371.0912066447417,0.15535,0
titanic_lp,0.0001,0.25,0.8053792134831461,0.00857290264154564,0.8047486033519554,0.012488844930475888,0.0001404494382022481,0.35694975474585827,-0.0005586592178770899,-0.6723502022908453,371.0585310436047,0.15603,0
titanic_lp,0.0001,1,0.8042275280898877,0.008744661693702062,0.8036312849162013,0.013200602307968176,-0.0010112359550561811,-1.6556884254102389,-0.001675977653631281,-1.5978136925150346,371.0804303612513,0.15767,0
titanic_lp,0.0001,2,0.8051264044943821,0.008308801062441378,0.8056983240223462,0.013697655496592895,-0.00011235955056180025,-0.1482375230597309,0.00039106145251396776,0.365810057477615,371.2882246757446,0.15968,0
titanic_lp,0.0001,5,0.7701404494382023,0.025251104777953684,0.7807821229050279,0.03161370834674292,-0.03509831460674158,-13.907419889714998,-0.02452513966480447,-7.522320935226204,392.3049430551141,0.2531,0
titanic_lp,3e-05,reversible,0.8047471910112359,0.008431646640339123,0.8049162011173184,0.011192354188872522,0.0,0.0,0.0,0.0,371.9346219575544,0.03609,0
titanic_lp,3e-05,0,0.8047471910112359,0.008431646640339123,0.8049162011173184,0.011192354188872522,0.0,0.0,0.0,0.0,371.9346219575544,0.03609,0
titanic_lp,3e-05,0.25,0.8050983146067416,0.008823960842515528,0.8058659217877094,0.011544395048117386,0.00035112359550561466,0.7463618714899855,0.0009497206703910611,1.1102469605001093,371.9364642257036,0.03631,0
titanic_lp,3e-05,1,0.80563202247191,0.00872869715192068,0.8051955307262568,0.01236912538130548,0.0008848314606741526,1.359072910151788,0.00027932960893854665,0.2516738589643115,371.5881978473137,0.03916,0
titanic_lp,3e-05,2,0.8048033707865168,0.008415088288318188,0.8051396648044693,0.012153796972184766,5.617977528089679e-05,0.07283570407292014,0.00022346368715083553,0.18559839463706929,371.54684009476887,0.040655,0
titanic_lp,3e-05,5,0.8052387640449439,0.008401047322972534,0.8055307262569833,0.01374624620779186,0.0004915730337078694,0.5136416108108292,0.0006145251396647966,0.4254516205523969,372.31165046621544,0.04359,0
titanic_lp,1e-05,reversible,0.7822612359550563,0.018525967155714952,0.7920670391061452,0.022142003260237263,0.0,0.0,0.0,0.0,390.71164781663737,0.0,0
titanic_lp,1e-05,0,0.7822612359550563,0.018525967155714952,0.7920670391061452,0.022142003260237263,0.0,0.0,0.0,0.0,390.71164781663737,0.0,0
titanic_lp,1e-05,0.25,0.7827528089887642,0.018456383905326796,0.7927932960893854,0.022333597727576992,0.0004915730337078661,0.6849776002149347,0.0007262569832402277,0.5970779671248472,391.1413967587024,0.0,0
titanic_lp,1e-05,1,0.7878089887640449,0.016107590572220245,0.8003351955307262,0.01978141039089683,0.005547752808988757,4.217800603153329,0.00826815642458101,4.183604967757812,390.4809369007478,0.0,0
titanic_lp,1e-05,2,0.7897331460674158,0.015087688904697602,0.7996648044692738,0.01684458350588938,0.007471910112359541,3.9280244040257437,0.007597765363128497,3.6465588582140818,387.9423708264296,0.0,0
titanic_lp,1e-05,5,0.7902949438202248,0.016065495683600436,0.8003351955307262,0.017570088310091214,0.008033707865168535,4.403533508998423,0.008268156424581013,3.6263878610921214,386.9841681887549,0.0,0
titanic_lp,3e-06,reversible,0.71061797752809,0.037710809552611885,0.714804469273743,0.04508864064358753,0.0,0.0,0.0,0.0,433.9058370303701,0.0,0
titanic_lp,3e-06,0,0.71061797752809,0.037710809552611885,0.714804469273743,0.04508864064358753,0.0,0.0,0.0,0.0,433.9058370303701,0.0,0
titanic_lp,3e-06,0.25,0.7100280898876405,0.03572048570104461,0.7149162011173184,0.04474529244497774,-0.0005898876404494369,-0.5446825701228036,0.00011173184357541554,0.08057436936534136,434.10070681950907,0.0,0
titanic_lp,3e-06,1,0.7088483146067415,0.033920880950152166,0.7140782122905027,0.04167314696905024,-0.001769662921348315,-0.6580023010017195,-0.0007262569832402233,-0.20148527303323566,434.4517454377834,0.0,0
titanic_lp,3e-06,2,0.7075421348314608,0.0325665160239217,0.7175977653631285,0.040491359697244704,-0.0030758426966292175,-0.8836420788436711,0.0027932960893854806,0.5574356135706056,434.54350578441836,0.0,0
titanic_lp,3e-06,5,0.7177668539325842,0.03452688304574812,0.7279329608938547,0.042230134156469194,0.007148876404494388,1.8417385732721567,0.01312849162011173,2.763933159455591,431.5397747752632,0.0,0
titanic_lp,1e-06,reversible,0.6224157303370786,0.0736265259630744,0.6341340782122904,0.0855745324996631,0.0,0.0,0.0,0.0,484.9207417197699,0.0,0
titanic_lp,1e-06,0,0.6224157303370786,0.0736265259630744,0.6341340782122904,0.0855745324996631,0.0,0.0,0.0,0.0,484.9207417197699,0.0,0
titanic_lp,1e-06,0.25,0.6226544943820225,0.07514354660733384,0.6332402234636871,0.08403508647695826,0.00023876404494382775,0.2759925553336321,-0.0008938547486033515,-0.8194333177703654,485.00149261352607,0.0,0
titanic_lp,1e-06,1,0.6220926966292134,0.07457372487835924,0.6320111731843576,0.08103002303099993,-0.00032303370786516516,-0.17141403559889826,-0.002122905027932964,-0.8181733042965711,485.19756646299845,0.0,0
titanic_lp,1e-06,2,0.6202387640449438,0.07138634495522422,0.629608938547486,0.0767906295364271,-0.00217696629213483,-0.7718609521912804,-0.004525139664804469,-1.1511793378543493,485.20441984585887,0.0,0
titanic_lp,1e-06,5,0.6202387640449438,0.062053840669340006,0.6324581005586594,0.06788165219828628,-0.00217696629213483,-0.5620396409215175,-0.001675977653631287,-0.3019120652452717,485.80914602316074,0.0,0
