stage,arm,eta,s,train,test,train_sd,proj,nbad,d_train,t_train
search,rev,1e-05,-,0.695531952247191,0.6868016759776535,0.018217169417781655,0.0004583333333333333,0,,
search,nrev,1e-05,u0.25,0.6956197331460674,0.6850558659217876,0.017278604223005145,0.0004583333333333333,0,8.778089887640471e-05,0.1642581141112733
search,nrev,1e-05,u1,0.7082382373595506,0.7016410614525139,0.019581927937124568,0.0004583333333333333,0,0.012706285112359548,11.580183813900332
search,nrev,1e-05,u2,0.7844759480337079,0.8051675977653632,0.017661188874036376,0.0004583333333333333,0,0.08894399578651685,33.209219142376064
search,nrev,1e-05,u5,0.7518653441011236,0.746159217877095,0.024887772659846433,0.0020729166666666665,0,0.05633339185393258,20.22709523914433
search,nrev,1e-05,b2_5,0.7487930126404494,0.7448498603351955,0.02418568142559216,0.0012708333333333332,0,0.053261060393258425,19.71186330003039
search,nrev,1e-05,gn5,0.7494513693820224,0.7431913407821229,0.021113612608936214,0.0025,0,0.05391941713483146,24.75747151689197
search,rev,3e-05,-,0.7962824789325843,0.8021124301675977,0.011639548169675011,0.04303125,0,,
search,nrev,3e-05,u0.25,0.7963922050561798,0.8016759776536313,0.011442963181932924,0.04653125,0,0.00010972612359550112,0.32387513781563476
search,nrev,3e-05,u1,0.7985208918539326,0.8052548882681565,0.009937357045505482,0.07367708333333334,0,0.0022384129213483157,2.2757737125443045
search,nrev,3e-05,u2,0.7995303721910112,0.8049930167597765,0.010013669221470485,0.09779166666666667,0,0.0032478932584269603,2.5333110754182244
search,nrev,3e-05,u5,0.7978186446629214,0.8055167597765364,0.010638868359688474,0.10536458333333333,0,0.0015361657303370729,1.0367621205693964
search,nrev,3e-05,b2_5,0.7990256320224719,0.8042074022346368,0.009742581353771887,0.09961458333333334,0,0.002743153089887632,2.236545158038187
search,nrev,3e-05,gn5,0.7995303721910112,0.8065642458100559,0.009477111188142567,0.10554166666666667,0,0.003247893258426964,2.120822452454951
search,rev,0.0001,-,0.7993767556179776,0.8057786312849162,0.008607900752901168,0.24651041666666668,0,,
search,nrev,0.0001,u0.25,0.7995084269662922,0.8049930167597765,0.008815574504671698,0.24839583333333334,0,0.00013167134831460793,0.389624471659142
search,nrev,0.0001,u1,0.8002984550561798,0.8052548882681564,0.008761688797852477,0.2640625,0,0.0009216994382022451,1.2211569528852755
search,nrev,0.0001,u2,0.7987622893258426,0.8047311452513967,0.010209454838269124,0.2775,0,-0.0006144662921348312,-0.6526632873346481
search,nrev,0.0001,u5,0.7977966994382022,0.8045565642458101,0.010250774117597145,0.28654166666666664,0,-0.0015800561797752865,-1.2721865471882754
search,nrev,0.0001,b2_5,0.7994425912921348,0.8039455307262571,0.011481782478578489,0.28241666666666665,0,6.583567415729963e-05,0.05518743117106435
search,nrev,0.0001,gn5,0.7986306179775281,0.8035963687150839,0.009786771985190476,0.28389583333333335,0,-0.0007461376404494426,-0.596705534469502
search,rev,0.0003,-,0.799925386235955,0.8035090782122906,0.010164767465570343,0.46091666666666664,0,,
search,nrev,0.0003,u0.25,0.7999253862359551,0.8042074022346368,0.0105308975726265,0.46251041666666665,0,-3.469446951953614e-18,-6.124189029081324e-15
search,nrev,0.0003,u1,0.7997498244382023,0.8042946927374302,0.011148684308335257,0.4703333333333333,0,-0.00017556179775280768,-0.17752678073727085
search,nrev,0.0003,u2,0.8006056882022472,0.8051675977653632,0.010985050690404783,0.47719791666666667,0,0.0006803019662921309,0.7930860654723227
search,nrev,0.0003,u5,0.7986306179775281,0.8041201117318436,0.01213492847856374,0.49440625,0,-0.0012947682584269673,-0.9669821453792038
search,nrev,0.0003,b2_5,0.7993548103932584,0.8046438547486033,0.013220087033330528,0.4905625,0,-0.000570575842696628,-0.46365251076205927
search,nrev,0.0003,gn5,0.7984331109550562,0.8044692737430168,0.011092901163275559,0.48578125,0,-0.0014922752808988748,-1.2200797329763815
search,rev,0.001,-,0.8002106741573034,0.8049057262569833,0.01079537954817138,0.71746875,0,,
search,nrev,0.001,u0.25,0.7996620435393258,0.8042946927374302,0.010963362205827318,0.7174791666666667,0,-0.0005486306179775333,-2.441226805404033
search,nrev,0.001,u1,0.800144838483146,0.8038582402234637,0.011310058847290602,0.7225833333333334,0,-6.58356741573031e-05,-0.0972443413039663
search,nrev,0.001,u2,0.7996620435393258,0.8017632681564246,0.010957648749981173,0.7295,0,-0.0005486306179775299,-0.5533564755559209
search,nrev,0.001,u5,0.7576369382022472,0.765625,0.02880952943000983,0.8678333333333333,0,-0.04257373595505618,-12.25312423523931
search,nrev,0.001,b2_5,0.7561227176966292,0.7644029329608939,0.02908695812787737,0.8658125,0,-0.04408795646067414,-12.464285697560385
search,nrev,0.001,gn5,0.7516239466292135,0.7568959497206703,0.04494815245612008,0.8041354166666667,0,-0.04858672752808988,-8.749559495332857
search,rev,0.003,-,0.7984331109550562,0.8032472067039106,0.011941132015735732,0.9100833333333334,0,,
search,nrev,0.003,u0.25,0.7984989466292135,0.8027234636871509,0.012040299661609317,0.9103125,0,6.583567415731004e-05,0.20306000306855437
search,nrev,0.003,u1,0.7974016853932584,0.802199720670391,0.011809318559911738,0.9135833333333333,0,-0.0010314255617977445,-1.4831778849745014
search,nrev,0.003,u2,0.7921348314606741,0.7990572625698324,0.015803100582752985,0.9253854166666666,0,-0.006298279494382025,-3.475137727763954
search,nrev,0.003,u5,0.6833523525280899,0.6964909217877095,0.03246621673966605,1.0,0,-0.1150807584269663,-25.630289974375525
search,nrev,0.003,b2_5,0.689036165730337,0.6995460893854748,0.02311171030513338,1.0,0,-0.1093969452247191,-36.47333160010793
search,nrev,0.003,gn5,0.6113061797752808,0.6092004189944135,0.0640005172899481,0.9106354166666667,0,-0.1871269311797753,-23.32254069176305
confirmA,nrev_claim,3e-05,u2,0.7988904494382022,0.8072346368715085,0.010067472554602814,0.10159666666666667,0,,
confirmA,rev_matched,3e-05,-,0.7957724719101124,0.802709497206704,0.010825449176282049,0.04742333333333333,0,,
confirmA,rev_claimbest,0.0003,-,0.7981601123595506,0.8056424581005587,0.010382733219080847,0.46369666666666665,0,,
confirmB,nrev_claim,3e-05,u2,0.7986376404494382,0.8061173184357543,0.011265303478171992,0.09996,0,,
confirmB,rev_matched,3e-05,-,0.7962078651685394,0.8044413407821228,0.011632144641600761,0.044603333333333335,0,,
confirmB,rev_claimbest,0.0003,-,0.7977808988764045,0.8063128491620113,0.010198139617952346,0.4602966666666667,0,,
converge,nrev,3e-05,u2/n1500,0.7988061797752808,0.8044134078212289,0.010612856655624165,0.09852666666666667,0,0.002471910112359552,2.1906433645129217
converge,rev,3e-05,-/n1500,0.7963342696629213,0.803072625698324,0.011473719642711551,0.04479333333333333,0,,
converge,nrev,3e-05,u2/n6000,0.7971207865168539,0.8050837988826816,0.01133021233475135,0.16811166666666666,0,-0.00022471910112358828,-0.2736087735303479
converge,rev,3e-05,-/n6000,0.7973455056179776,0.8047486033519553,0.010833824771990026,0.15364,0,,
mech,nrev,1e-06,b2_5,0.30349719101123596,0.2537150837988827,0.010424275827812956,0.00246,0,0.09158707865168539,98.55803236638923
mech,rev,1e-06,-,0.21191011235955057,0.20136871508379886,0.007677977215579418,0.0024633333333333334,0,,
mech,rev_effstep,2.5782148258135574e-06,-,0.45597612359550566,0.4222905027932961,0.10008355965522149,0.0013433333333333333,0,-0.15247893258426967,-20.811629504366206
mech,rev_3x,3e-06,-,0.5385252808988764,0.5141340782122905,0.06202359110487688,0.0012166666666666667,0,,
