experiment,eta,lam,delta,s,train,test,d_train,t_train,d_test,t_test,U,a,penalty,near_kink,proj
magic_ball,1e-06,5.0,0.015403270679109895,reversible,0.7837177970557307,0.7837329127234489,0.0,0.0,0.0,0.0,7153.46493931579,0.9628176504998227,15.35133305764756,0.65,0.05513
magic_ball,1e-06,5.0,0.015403270679109895,1,0.7840293112513145,0.7840562565720294,0.0003115141955835976,3.3945392433054664,0.0003233438485804396,2.028009706938836,7151.060933639238,0.9621671821439155,15.345224599284084,0.57,0.05516
magic_ball,1e-06,5.0,0.015403270679109895,5,0.7841528654048369,0.7841982124079917,0.00043506834910620574,2.090941702004333,0.00046529968454258274,1.6689061208615759,7148.439585230454,0.9643067053658839,15.482900124313323,0.49,0.05697
magic_ball,1e-06,7.5,0.010268847119406597,reversible,0.7837618296529968,0.7837723449001053,0.0,0.0,0.0,0.0,7159.158399670494,0.9741357522360148,23.033763626857635,0.61,0.05677
magic_ball,1e-06,7.5,0.010268847119406597,1,0.7840569137749737,0.7840667718191376,0.00029508412197686186,3.277400483945119,0.00029442691903259544,1.9866328442789993,7156.8461598846325,0.9732826710218727,23.022178538962894,0.58,0.05675
magic_ball,1e-06,7.5,0.010268847119406597,5,0.7841798107255522,0.7841272344900106,0.00041798107255520576,2.024264880631451,0.0003548895899053595,1.3093190041173501,7154.455541118439,0.9749650273073692,23.21559874126808,0.47,0.05866
magic_ball,1e-06,10.0,0.007701635339554948,reversible,0.7837703732912723,0.7837644584647739,0.0,0.0,0.0,0.0,7165.80831672581,0.9801966906070078,30.69474533325229,0.6,0.05657
magic_ball,1e-06,10.0,0.007701635339554948,1,0.7840516561514196,0.7840509989484751,0.00028128286014721284,3.1449023956932787,0.0002865404837013652,1.987988046326093,7163.534468997772,0.9793112591889591,30.677632636303528,0.57,0.05645
magic_ball,1e-06,10.0,0.007701635339554948,5,0.7842126708727655,0.7841298633017874,0.00044229758149316734,2.131080883717414,0.0003654048370136675,1.3207251110989604,7161.268731769801,0.9803819537120491,30.92360595439207,0.48,0.05843
magic_ball,1e-06,15.0,0.005134423559703298,reversible,0.7837381703470032,0.7837329127234487,0.0,0.0,0.0,0.0,7180.111348218951,0.9865340536102758,45.947358466904895,0.59,0.05438
magic_ball,1e-06,15.0,0.005134423559703298,1,0.7840043375394322,0.784008937960042,0.00026616719242902875,3.0688054359049066,0.00027602523659305824,1.9567138988027748,7177.870875695961,0.9843622560225428,45.915809207255386,0.55,0.05406
magic_ball,1e-06,15.0,0.005134423559703298,5,0.784144978969506,0.7840799158780233,0.00040680862250263796,1.980782559586506,0.0003470031545741303,1.2850543818329205,7175.725741744351,0.9857505380276111,46.26383351602206,0.47,0.05603
magic_ball,1e-06,20.0,0.003850817669777474,reversible,0.7836829652996845,0.7837513144058883,0.0,0.0,0.0,0.0,7194.929315702942,0.9891516893568832,61.100188821744624,0.6,0.05122
magic_ball,1e-06,20.0,0.003850817669777474,1,0.7839333596214508,0.7839589905362775,0.0002503943217665616,2.874586792653425,0.00020767613038906286,1.4269037437719096,7192.725260318261,0.9869059819553931,61.05214201345493,0.59,0.05065
magic_ball,1e-06,20.0,0.003850817669777474,5,0.7840746582544691,0.7839773922187173,0.00039169295478444277,1.940813514515787,0.00022607781282860007,0.8221686656436097,7190.60741449207,0.9890887641425483,61.49979711442314,0.48,0.05256
magic_ball,1e-05,5.0,0.015403270679109895,reversible,0.7872502628811776,0.7876235541535226,0.0,0.0,0.0,0.0,7100.287675910011,0.9803237236315847,16.49868322147847,0.0,0.77657
magic_ball,1e-05,5.0,0.015403270679109895,1,0.7871595688748687,0.7876787592008411,-9.069400630914992e-05,-2.4221636217158546,5.5205047318611646e-05,0.7497923327272784,7100.212617638368,0.9803576002833074,16.49543782271932,0.0,0.77672
magic_ball,1e-05,5.0,0.015403270679109895,5,0.7870649316508938,0.7875210304942166,-0.00018533123028391163,-1.8662368278001393,-0.00010252365930599305,-0.9825375081868079,7101.297503800438,0.9804474588432764,16.514618356757836,0.0,0.78079
magic_ball,1e-05,7.5,0.010268847119406597,reversible,0.7871549684542586,0.7875893796004205,0.0,0.0,0.0,0.0,7108.547985313638,0.9867631373162874,24.711482569003255,0.0,0.77402
magic_ball,1e-05,7.5,0.010268847119406597,1,0.7871083070452155,0.7876235541535226,-4.666140904310945e-05,-1.1753483671232674,3.417455310199768e-05,0.5014745808082653,7108.473228750827,0.98678680578083,24.706659308256807,0.0,0.77386
magic_ball,1e-05,7.5,0.010268847119406597,5,0.7869992113564669,0.7874579390115667,-0.00015575709779179768,-1.5391423076735964,-0.00013144058885383725,-1.2020123232392061,7109.564723190368,0.9868472554306712,24.735388410867905,0.0,0.77824
magic_ball,1e-05,10.0,0.007701635339554948,reversible,0.7871004206098844,0.7875762355415352,0.0,0.0,0.0,0.0,7116.796686896311,0.9900029928263695,32.89933426930572,0.0,0.77021
magic_ball,1e-05,10.0,0.007701635339554948,1,0.7870550736067298,0.787568349106204,-4.5347003154574405e-05,-1.0905191173840652,-7.886435331230235e-06,-0.13103666517360119,7116.722066655979,0.9900213383028413,32.892881343618484,0.0,0.76977
magic_ball,1e-05,10.0,0.007701635339554948,5,0.7869578075709778,0.7874185068349107,-0.00014261303890641952,-1.4101943859467136,-0.0001577287066246047,-1.4513383405406897,7117.814335050581,0.9900671739445793,32.931098379034616,0.0,0.77439
magic_ball,1e-05,15.0,0.005134423559703298,reversible,0.7869564931650893,0.7875,0.0,0.0,0.0,0.0,7133.257275656848,0.9932534456309883,49.19855324364185,0.0,0.76131
magic_ball,1e-05,15.0,0.005134423559703298,1,0.7869328338590956,0.7874710830704521,-2.3659305993682932e-05,-0.5051002146843134,-2.8916929547844193e-05,-0.43963068771437314,7133.183180944228,0.9932663566847935,49.18865463925084,0.0,0.76121
magic_ball,1e-05,15.0,0.005134423559703298,5,0.7868368822292326,0.7873080967402736,-0.00011961093585699523,-1.168751577067001,-0.0001919032597266024,-1.7484634151306826,7134.271235937215,0.9932976369476256,49.24557911904345,0.0,0.76538
magic_ball,1e-05,20.0,0.003850817669777474,reversible,0.7868395110410095,0.7873685594111461,0.0,0.0,0.0,0.0,7149.667943796238,0.9948805355538817,65.39289082178475,0.0,0.75099
magic_ball,1e-05,20.0,0.003850817669777474,1,0.7868217665615141,0.7873711882229233,-1.7744479495268582e-05,-0.41494042468527736,2.628811777076745e-06,0.041138019168876175,7149.594489759085,0.9948907135080599,65.37928784660757,0.0,0.75114
magic_ball,1e-05,20.0,0.003850817669777474,5,0.7867231861198739,0.7872712933753944,-0.00011632492113564319,-1.1125960321008,-9.726603575183956e-05,-0.8732482603842947,7150.675370897465,0.9949147191439118,65.45447282577129,0.0,0.75506
magic_lp,1e-06,5.0,0.015403270679109895,reversible,0.7837243690851734,0.7837644584647737,0.0,0.0,0.0,0.0,7131.462035246413,0.9637862676669339,15.996894747224562,0.63,0.0
magic_lp,1e-06,5.0,0.015403270679109895,1,0.7841719242902208,0.7839300736067297,0.0004475552050473175,3.765799598987143,0.00016561514195583492,0.7920565559348792,7128.83804713669,0.964155150512128,16.16612298115363,0.6,0.0
magic_lp,1e-06,5.0,0.015403270679109895,5,0.7842047844374342,0.7842744479495269,0.000480415352260779,2.017597280993434,0.0005099894847528885,1.8593343416838608,7125.659763464046,0.9679323163188333,16.336679622087377,0.48,0.0
magic_lp,1e-06,7.5,0.010268847119406597,reversible,0.7837782597266036,0.7837881177707675,0.0,0.0,0.0,0.0,7136.960208529194,0.9747049954845645,24.02705505106493,0.59,0.0
magic_lp,1e-06,7.5,0.010268847119406597,1,0.7842021556256572,0.7839668769716087,0.0004238958990536312,3.5903499685143485,0.00017875920084121867,0.8698761766443522,7134.572226917492,0.9736007589457405,24.26940403458056,0.57,0.0
magic_lp,1e-06,7.5,0.010268847119406597,5,0.7842501314405887,0.7843796004206098,0.00047187171398527906,2.007419513273889,0.0005914826498422676,2.2643694456556975,7131.534615464882,0.9761871449793885,24.505482129007376,0.49,0.0
magic_lp,1e-06,10.0,0.007701635339554948,reversible,0.7837960042060987,0.7837854889589906,0.0,0.0,0.0,0.0,7144.02866931126,0.9806734063648652,32.01234276276538,0.57,0.0
magic_lp,1e-06,10.0,0.007701635339554948,1,0.7842074132492113,0.7839984227129336,0.00041140904311250836,3.5332202402051647,0.00021293375394321635,1.0289198105723716,7141.755147216791,0.9792835517306899,32.32453267884443,0.57,0.0
magic_lp,1e-06,10.0,0.007701635339554948,5,0.784259989484753,0.7844164037854888,0.0004639852786540466,2.0121166448464862,0.0006309148264984187,2.414925973515085,7138.854813298033,0.9806754196992454,32.6228616035678,0.5,0.0
magic_lp,1e-06,15.0,0.005134423559703298,reversible,0.7837762881177707,0.7837933753943217,0.0,0.0,0.0,0.0,7159.813638046412,0.9868580330427867,47.83544666920614,0.56,0.0
magic_lp,1e-06,15.0,0.005134423559703298,1,0.7841706098843321,0.7839984227129336,0.0003943217665615162,3.4667873729748693,0.0002050473186119861,1.0392155774855758,7157.630381143195,0.98506662223683,48.27585717580313,0.59,0.0
magic_lp,1e-06,15.0,0.005134423559703298,5,0.7841706098843322,0.7843690851735015,0.00039432176656151174,1.733686030220884,0.0005757097791798071,2.253564921982422,7154.966854830574,0.9857189665013756,48.69781408136184,0.51,0.0
magic_lp,1e-06,20.0,0.003850817669777474,reversible,0.7837223974763406,0.7837618296529968,0.0,0.0,0.0,0.0,7176.370450346141,0.9894854649428977,63.4565098949546,0.55,0.0
magic_lp,1e-06,20.0,0.003850817669777474,1,0.7841042323869613,0.7839931650893794,0.0003818349106204022,3.3601011340081337,0.00023133543638275355,1.1925684818345348,7174.251793280906,0.9872124553670654,64.00928548755792,0.6,0.0
magic_lp,1e-06,20.0,0.003850817669777474,5,0.7841121188222923,0.7842928496319663,0.00038972134595163576,1.749272377075845,0.0005310199789695014,2.0868418287122297,7171.751007523849,0.989256375392202,64.55723034326373,0.54,0.0
magic_lp,1e-05,5.0,0.015403270679109895,reversible,0.7896812565720294,0.7907360672975814,0.0,0.0,0.0,0.0,6982.674491345708,0.9877199284271297,24.20984415569068,0.0,0.00096
magic_lp,1e-05,5.0,0.015403270679109895,1,0.7897916666666666,0.790814931650894,0.00011041009463722218,1.2731701977414422,7.886435331230234e-05,0.5699358138736648,6982.691656064249,0.9875906702683657,24.162723963375345,0.0,0.00099
magic_lp,1e-05,5.0,0.015403270679109895,5,0.5336586487907465,0.5339064143007362,-0.25602260778128294,-48.824089543980236,-0.25682965299684535,-52.952066098249496,16306.325960878909,0.8503762706986943,14.974690103587248,4.08,0.97109
magic_lp,1e-05,7.5,0.010268847119406597,reversible,0.7896937434279707,0.7907386961093588,0.0,0.0,0.0,0.0,6994.870298892022,0.9917140240045588,36.064028224440776,0.0,0.00053
magic_lp,1e-05,7.5,0.010268847119406597,1,0.7897936382754994,0.7907229232386959,9.989484752890631e-05,1.1338653756126045,-1.577287066246047e-05,-0.11315202051833244,6994.88786778279,0.9916255601514709,35.99209935521813,0.0,0.00058
magic_lp,1e-05,7.5,0.010268847119406597,5,0.537226603575184,0.5383175604626708,-0.2524671398527865,-47.96057625554513,-0.2524211356466876,-51.493703425722074,16347.353476621707,0.875258215195871,22.085564127595543,4.11,0.97208
magic_lp,1e-05,10.0,0.007701635339554948,reversible,0.7896832281808625,0.7907124079915877,0.0,0.0,0.0,0.0,7006.965845254116,0.9937154643189064,47.738423225173676,0.0,0.00026
magic_lp,1e-05,10.0,0.007701635339554948,1,0.7897404048370139,0.7906203995793902,5.717665615141643e-05,0.6525869555893492,-9.200841219768608e-05,-0.7006017852384534,7006.988601517896,0.9936474745091054,47.642212225432075,0.0,0.00029
magic_lp,1e-05,10.0,0.007701635339554948,5,0.5488466088328074,0.5510357518401683,-0.2408366193480547,-46.897908126529,-0.23967665615141953,-48.487950999705454,16010.5989008799,0.8928968067880493,29.854306039427282,4.12,0.97265
magic_lp,1e-05,15.0,0.005134423559703298,reversible,0.7896497108307047,0.7905257623554155,0.0,0.0,0.0,0.0,7030.866954492439,0.9957176018750427,70.55140275976224,0.0,3e-05
magic_lp,1e-05,15.0,0.005134423559703298,1,0.7896779705573083,0.7904153522607781,2.8259726603576675e-05,0.3168045242408053,-0.00011041009463722329,-0.8278211116741917,7030.89523164814,0.9956700012578322,70.40633890324055,0.0,5e-05
magic_lp,1e-05,15.0,0.005134423559703298,5,0.5440595425867507,0.5437907465825447,-0.24559016824395372,-45.368241051787926,-0.24673501577287063,-47.97854657294463,16221.825503508575,0.9185515104636824,45.28675697920027,4.06,0.97321
magic_lp,1e-05,20.0,0.003850817669777474,reversible,0.7895603312302838,0.7903916929547842,0.0,0.0,0.0,0.0,7054.39037732998,0.9967170449252448,92.66267100815341,0.0,0.0
magic_lp,1e-05,20.0,0.003850817669777474,1,0.7896556256572027,0.7901919032597264,9.529442691903256e-05,1.0584670771074205,-0.00019978969505783263,-1.5990865993676002,7054.4277031072,0.9966795123690874,92.46870178856308,0.0,0.0
magic_lp,1e-05,20.0,0.003850817669777474,5,0.5501715299684542,0.5494742376445848,-0.23938880126182965,-44.84788402212905,-0.24091745531019973,-47.77666351560482,16397.563515865215,0.9323904328415235,60.40818387208105,4.1,0.97352
titanic_ball,1e-05,5.0,0.015403270679109895,reversible,0.7642696629213482,0.7706703910614524,0.0,0.0,0.0,0.0,394.1042407040651,0.9427930283475847,13.56575865562465,1.24,0.0031533333333333335
titanic_ball,1e-05,5.0,0.015403270679109895,1,0.7668258426966292,0.7722905027932961,0.0025561797752809024,1.540585756777815,0.001620111731843582,0.5867248312831225,392.99745058623785,0.9471983629133205,13.519912036330613,1.08,0.0032866666666666665
titanic_ball,1e-05,5.0,0.015403270679109895,5,0.7775702247191013,0.7868715083798883,0.01330056179775281,6.413163850186617,0.01620111731843576,4.836727290168481,390.00144798552776,0.9428602083966402,13.596189280705044,1.3,0.00422
titanic_ball,1e-05,7.5,0.010268847119406597,reversible,0.7647752808988766,0.7702793296089385,0.0,0.0,0.0,0.0,401.11682573814085,0.9515609503445103,19.401849190626386,1.45,0.0018733333333333334
titanic_ball,1e-05,7.5,0.010268847119406597,1,0.7666432584269662,0.7721229050279331,0.001867977528089887,1.1557557704161299,0.0018435754189944098,0.6931216535262261,400.0194674401258,0.955943819035875,19.311251720421755,1.25,0.00216
titanic_ball,1e-05,7.5,0.010268847119406597,5,0.7771348314606742,0.786536312849162,0.012359550561797761,6.026375000103788,0.016256983240223476,4.843081400901625,397.15443770627354,0.9546256386735031,19.466601617811435,1.55,0.0024533333333333334
titanic_ball,1e-05,10.0,0.007701635339554948,reversible,0.7643258426966293,0.7685474860335194,0.0,0.0,0.0,0.0,407.9772647745551,0.9573505829255246,24.548498506555244,1.7,0.00106
titanic_ball,1e-05,10.0,0.007701635339554948,1,0.766067415730337,0.7707262569832402,0.001741573033707864,1.1048463276940068,0.0021787709497206676,0.814496767705126,406.83964973202063,0.9574891846715459,24.39010387130885,1.56,0.0012533333333333333
titanic_ball,1e-05,10.0,0.007701635339554948,5,0.776558988764045,0.7860335195530728,0.012233146067415728,5.644107237911531,0.017486033519553072,5.141261957606784,404.1034039660099,0.958474709162504,24.63661485479286,1.76,0.0014733333333333334
titanic_ball,1e-05,15.0,0.005134423559703298,reversible,0.7618539325842696,0.764022346368715,0.0,0.0,0.0,0.0,420.61500340746153,0.9603621750303794,32.923425340019755,2.15,0.00025333333333333333
titanic_ball,1e-05,15.0,0.005134423559703298,1,0.7642275280898878,0.7703351955307263,0.0023735955056179737,1.4433117195062137,0.006312849162011165,2.409549803051607,419.3899599910998,0.964864927171408,32.583163645841566,2.02,0.0003933333333333333
titanic_ball,1e-05,15.0,0.005134423559703298,5,0.7753651685393259,0.7843016759776537,0.01351123595505618,5.360548945400025,0.02027932960893855,5.887612586890889,416.95923394607394,0.9607937792530824,33.074994934097546,2.15,0.0002866666666666667
titanic_ball,1e-05,20.0,0.003850817669777474,reversible,0.7577668539325844,0.757877094972067,0.0,0.0,0.0,0.0,431.7015243627726,0.9631881104329995,39.01094494641091,2.62,0.0
titanic_ball,1e-05,20.0,0.003850817669777474,1,0.7615449438202246,0.76536312849162,0.003778089887640457,2.350591085847492,0.007486033519553071,2.821840731516507,430.3556770968614,0.9628623162371863,38.46380146546042,2.65,2e-05
titanic_ball,1e-05,20.0,0.003850817669777474,5,0.7744241573033709,0.7818435754189943,0.01665730337078652,6.268554980203722,0.023966480446927375,6.355624245385273,428.10302908513074,0.9582811182137201,39.09316423933836,2.81,0.0
titanic_ball,3e-05,5.0,0.015403270679109895,reversible,0.7979213483146068,0.8063687150837989,0.0,0.0,0.0,0.0,378.0915938940137,0.9410944667028659,14.529542706128073,1.3,0.10981333333333333
titanic_ball,3e-05,5.0,0.015403270679109895,1,0.7980196629213484,0.806145251396648,9.831460674157522e-05,0.14502336115100856,-0.00022346368715083553,-0.24318672855695736,377.80937964008103,0.9379722823726214,14.379844920448793,1.53,0.11584666666666667
titanic_ball,3e-05,5.0,0.015403270679109895,5,0.7983848314606743,0.8063687150837988,0.0004634831460674216,0.4162580973796684,-3.3306690738754695e-18,-2.378520618249595e-15,377.80508672721555,0.936689262654481,14.363251181185733,1.47,0.12092666666666667
titanic_ball,3e-05,7.5,0.010268847119406597,reversible,0.7985674157303372,0.8049720670391062,0.0,0.0,0.0,0.0,385.0082566967256,0.9521977236894439,21.133621275811617,1.57,0.09419333333333334
titanic_ball,3e-05,7.5,0.010268847119406597,1,0.7983286516853932,0.8060335195530726,-0.00023876404494381774,-0.3420019065664271,0.0010614525139664788,1.143351815628264,384.7176901972965,0.9484388457433885,20.917291157958164,1.66,0.10008666666666667
titanic_ball,3e-05,7.5,0.010268847119406597,5,0.798623595505618,0.8062011173184357,5.617977528090124e-05,0.05242297099626123,0.0012290502793296087,0.9175359572049878,384.7500064963475,0.9477006915718907,20.873505967258744,1.7,0.10578
titanic_ball,3e-05,10.0,0.007701635339554948,reversible,0.7982443820224719,0.8049720670391062,0.0,0.0,0.0,0.0,391.65936282267074,0.9558295157138192,27.26656418537983,1.8,0.07918666666666667
titanic_ball,3e-05,10.0,0.007701635339554948,1,0.7979073033707864,0.8062569832402235,-0.0003370786516853852,-0.49985976721080483,0.0012849162011173243,1.5300398225720526,391.36058358009177,0.9518074625862615,27.007124312446912,1.87,0.08510666666666666
titanic_ball,3e-05,10.0,0.007701635339554948,5,0.7983567415730337,0.8055865921787708,0.00011235955056180136,0.11673766354342892,0.0006145251396648033,0.44105623560414126,391.39808130228545,0.9554623088604925,26.971179797430327,1.8,0.09053333333333333
titanic_ball,3e-05,15.0,0.005134423559703298,reversible,0.7963202247191012,0.8023463687150838,0.0,0.0,0.0,0.0,404.171243836587,0.9603619178156868,37.99826008143311,2.29,0.051513333333333335
titanic_ball,3e-05,15.0,0.005134423559703298,1,0.7968820224719103,0.8054748603351958,0.0005617977528089868,0.7866066361276105,0.003128491620111731,2.7039283153569924,403.8292350883943,0.9576104954969094,37.791619769060205,2.37,0.05712
titanic_ball,3e-05,15.0,0.005134423559703298,5,0.7964044943820225,0.8041340782122904,8.426966292134686e-05,0.07538384532478752,0.001787709497206702,1.2212083721445055,403.73707190984436,0.9566175500460368,37.66175733769286,2.35,0.061766666666666664
titanic_ball,3e-05,20.0,0.003850817669777474,reversible,0.7929073033707867,0.7991061452513967,0.0,0.0,0.0,0.0,415.624563514211,0.9604554831532546,46.549870184886935,2.91,0.029786666666666666
titanic_ball,3e-05,20.0,0.003850817669777474,1,0.7940168539325844,0.8013966480446929,0.0011095505617977552,1.555192254764517,0.002290502793296093,2.143548065772996,415.302234686742,0.9583339606988995,46.444746509752186,2.95,0.03405333333333333
titanic_ball,3e-05,20.0,0.003850817669777474,5,0.7936797752808991,0.8016201117318436,0.0007724719101123578,0.6758276785203872,0.0025139664804469265,1.5962897878359312,415.3518583667017,0.9557763168882785,46.44840654708124,2.85,0.038373333333333336
titanic_lp,1e-05,5.0,0.015403270679109895,reversible,0.7821629213483147,0.7919553072625699,0.0,0.0,0.0,0.0,383.76692282687293,0.9453787978166502,15.16237218071371,1.13,0.0
titanic_lp,1e-05,5.0,0.015403270679109895,1,0.7878792134831462,0.8007821229050279,0.005716292134831464,3.9250859335077135,0.0088268156424581,4.31987973898068,383.61401268321066,0.9456040814810585,15.154423124295752,1.17,0.0
titanic_lp,1e-05,5.0,0.015403270679109895,5,0.7895786516853934,0.8001117318435753,0.007415730337078647,3.8177330934836258,0.00815642458100559,3.5818601368330487,379.8644682945082,0.9410175592598518,15.204653555672264,1.24,0.0
titanic_lp,1e-05,7.5,0.010268847119406597,reversible,0.7819522471910113,0.7915083798882683,0.0,0.0,0.0,0.0,391.92825050167744,0.9543761315012493,21.46686969772091,1.35,0.0
titanic_lp,1e-05,7.5,0.010268847119406597,1,0.7876404494382022,0.8003910614525139,0.005688202247191009,4.3107016223131,0.008882681564245811,4.387441217516981,391.6900053786191,0.955373449877596,21.40508941473901,1.38,0.0
titanic_lp,1e-05,7.5,0.010268847119406597,5,0.7904213483146069,0.7999441340782123,0.008469101123595503,4.523925518174442,0.00843575418994414,3.7643328688203908,388.2140844840838,0.9497354622235917,21.578888408646254,1.44,0.0
titanic_lp,1e-05,10.0,0.007701635339554948,reversible,0.7811095505617979,0.79,0.0,0.0,0.0,0.0,399.6747653821993,0.9582116191519764,26.892577104032938,1.61,0.0
titanic_lp,1e-05,10.0,0.007701635339554948,1,0.7875280898876404,0.7998324022346369,0.006418539325842696,4.558386304971946,0.009832402234636868,4.7656789336402525,399.3512242655223,0.9569930671153855,26.772562318227404,1.68,0.0
titanic_lp,1e-05,10.0,0.007701635339554948,5,0.7896629213483146,0.799217877094972,0.008553370786516851,4.484417398392751,0.009217877094972066,3.8517133343868033,396.17409339497596,0.958024909028455,27.110439394644473,1.7,0.0
titanic_lp,1e-05,15.0,0.005134423559703298,reversible,0.7789325842696632,0.784804469273743,0.0,0.0,0.0,0.0,413.62959872573776,0.959460205875255,35.47464594918883,2.13,0.0
titanic_lp,1e-05,15.0,0.005134423559703298,1,0.7861095505617979,0.7969832402234637,0.007176966292134832,4.712658010700685,0.012178770949720663,5.640599228156699,413.16658695220525,0.9584373076019823,35.23408928607444,2.21,0.0
titanic_lp,1e-05,15.0,0.005134423559703298,5,0.7861516853932585,0.7944692737430167,0.007219101123595503,3.735303945740394,0.00966480446927374,3.892346299587024,410.3325440999553,0.9630539971632223,35.91284475487163,2.17,0.0
titanic_lp,1e-05,20.0,0.003850817669777474,reversible,0.7741011235955056,0.7777653631284916,0.0,0.0,0.0,0.0,425.6233339307876,0.9578746522726463,41.4255882494675,2.75,0.0
titanic_lp,1e-05,20.0,0.003850817669777474,1,0.7823174157303372,0.7919553072625699,0.008216292134831459,4.897597363743166,0.014189944134078213,5.871274087948518,425.0633243475123,0.9601334325151382,41.20076473546316,2.75,0.0
titanic_lp,1e-05,20.0,0.003850817669777474,5,0.7825140449438205,0.7929608938547488,0.008412921348314603,4.073679945626706,0.015195530726256986,5.380374535179262,422.58169383753653,0.9573334694062038,42.0501171743937,2.8,0.0
titanic_lp,3e-05,5.0,0.015403270679109895,reversible,0.8049578651685395,0.8049162011173184,0.0,0.0,0.0,0.0,364.41856778970913,0.9511110209027178,18.698039327949747,1.02,0.04569
titanic_lp,3e-05,5.0,0.015403270679109895,1,0.8055898876404494,0.8045251396648045,0.0006320224719101075,0.8590239517192177,-0.0003910614525139644,-0.3589445631806292,364.0150442551418,0.9481126390127735,18.596760186437216,1.07,0.049065
titanic_lp,3e-05,5.0,0.015403270679109895,5,0.8046629213483146,0.8051955307262572,-0.0002949438202247179,-0.33507406510681703,0.00027932960893854773,0.19295606266997226,364.48198425471327,0.9508598593344739,18.856396073974157,1.04,0.05318
titanic_lp,3e-05,7.5,0.010268847119406597,reversible,0.8045646067415732,0.8053072625698328,0.0,0.0,0.0,0.0,373.24808226261973,0.9601711028815726,26.76010931835076,1.24,0.034355
titanic_lp,3e-05,7.5,0.010268847119406597,1,0.8055477528089887,0.8050279329608938,0.0009831460674157267,1.5940893970421355,-0.00027932960893854773,-0.2510322419638776,372.9186451962273,0.9565203767618388,26.625693466573225,1.35,0.03742
titanic_lp,3e-05,7.5,0.010268847119406597,5,0.8053370786516854,0.8063687150837988,0.0007724719101123645,0.8878915651091158,0.0010614525139664777,0.7441493080831817,373.4984158271047,0.9605950945967866,27.089970020198198,1.22,0.041815
titanic_lp,3e-05,10.0,0.007701635339554948,reversible,0.8031601123595508,0.8041899441340784,0.0,0.0,0.0,0.0,381.660291732463,0.9612472397436008,33.92010997420257,1.46,0.02438
titanic_lp,3e-05,10.0,0.007701635339554948,1,0.804058988764045,0.8041899441340784,0.0008988764044943764,1.28519280352462,3.3306690738754695e-18,2.996119142100322e-15,381.3347229218565,0.9601381774584027,33.7949732969515,1.6,0.026955
titanic_lp,3e-05,10.0,0.007701635339554948,5,0.8028932584269662,0.8060893854748605,-0.00026685393258427337,-0.3075921764851312,0.0018994413407821186,1.404164042797779,382.47591449139276,0.9657636669506506,34.76266366153411,1.29,0.030875
titanic_lp,3e-05,15.0,0.005134423559703298,reversible,0.7992415730337079,0.8029608938547486,0.0,0.0,0.0,0.0,397.23083590053545,0.9594732186741396,45.32994237401665,2.25,0.01053
titanic_lp,3e-05,15.0,0.005134423559703298,1,0.8001123595505618,0.8031284916201119,0.0008707865168539375,1.0178076669978726,0.00016759776536312665,0.16119396456228907,396.6376192682596,0.9595743338233157,45.42006439019218,2.2,0.0116
titanic_lp,3e-05,15.0,0.005134423559703298,5,0.7997893258426967,0.8031284916201118,0.0005477528089887663,0.4870470631271834,0.0001675977653631211,0.12717405646677843,398.74570922597894,0.965702103539861,47.61282205865644,1.88,0.01432
titanic_lp,3e-05,20.0,0.003850817669777474,reversible,0.7955477528089888,0.801173184357542,0.0,0.0,0.0,0.0,411.1482087324762,0.9571425004367626,53.023534349289996,2.82,0.00376
titanic_lp,3e-05,20.0,0.003850817669777474,1,0.7960674157303369,0.800782122905028,0.0005196629213483172,0.6420945606848426,-0.00039106145251396554,-0.3763388118272588,410.49207313634264,0.9594813360641274,53.45214660937787,2.88,0.00401
titanic_lp,3e-05,20.0,0.003850817669777474,5,0.7953792134831462,0.8011731843575418,-0.00016853932584269372,-0.15889377008554398,-1.1102230246251566e-18,-8.493392900566951e-16,413.37560562188855,0.9653301906001782,56.543142940891975,2.42,0.0051
