tag,eta,s,R,seed,rev_train,nrev_train,rev_test,nrev_test,d_train,se_train,t_train,win_train,d_test,se_test,t_test,win_test,rev_U,nrev_U,proj_rev,proj_nrev,bad_nrev,bad_rev,wall_rev,wall_nrev
base,0.0001,0.0,32,3000,0.7989817415730337,0.7989817415730337,0.8067388268156425,0.8067388268156425,0.0,1e-300,0.0,0.0,0.0,1e-300,0.0,0.0,382.95568492987945,382.95568492987945,0.29103125,0.29103125,0,0,0.7253337199999805,0.9104646470000262
base,0.0001,1.0,32,3000,0.7989817415730337,0.7995523174157303,0.8067388268156425,0.8081354748603353,0.0005705758426966384,0.0009329572532351544,0.6115776909586051,0.5,0.001396648044692743,0.0018938411927359614,0.737468405508203,0.375,382.95568492987945,383.1978927769352,0.29103125,0.2941875,0,0,0.6557718580002074,0.9024888180001653
base,0.0001,5.0,32,3000,0.7989817415730337,0.801439606741573,0.8067388268156425,0.8088337988826816,0.0024578651685393284,0.0015421611567373508,1.593779714786276,0.5,0.0020949720670391005,0.0027335243060712705,0.7663996483902049,0.46875,382.95568492987945,383.10693740214737,0.29103125,0.30025,0,0,0.6555979400000069,0.9048343849999583
base,3e-05,0.0,32,3000,0.799903441011236,0.799903441011236,0.8058659217877095,0.8058659217877095,0.0,1e-300,0.0,0.0,0.0,1e-300,0.0,0.0,382.79019048040334,382.79019048040334,0.11984375,0.11984375,0,0,0.6524580780001088,0.901037863000056
base,3e-05,1.0,32,3000,0.799903441011236,0.8002984550561797,0.8058659217877095,0.807437150837989,0.0003950140449438255,0.0008155337599042544,0.4843625909370093,0.4375,0.0015712290502793227,0.001630193535551039,0.9638297637760016,0.40625,382.79019048040334,382.91328072883164,0.11984375,0.1259375,0,0,0.6544992320000347,0.8931384599995909
base,3e-05,5.0,32,3000,0.799903441011236,0.7998156601123596,0.8058659217877095,0.8079608938547487,-8.77808988763995e-05,0.00170498000364106,-0.051485001987671135,0.46875,0.002094972067039111,0.0025550545898921327,0.8199324097915085,0.46875,382.79019048040334,383.52064399447625,0.11984375,0.132,0,0,0.6555927199997313,0.900697953999952
base,1e-05,0.0,32,3000,0.7861218398876405,0.7861218398876405,0.7925977653631284,0.7925977653631284,0.0,1e-300,0.0,0.0,0.0,1e-300,0.0,0.0,390.45526617806706,390.45526617806706,0.00646875,0.00646875,0,0,0.637590365000051,0.8827507860000878
base,1e-05,1.0,32,3000,0.7861218398876405,0.785814606741573,0.7925977653631284,0.7927723463687151,-0.00030723314606739827,0.002417678754009007,-0.12707773750252913,0.40625,0.0001745810055865972,0.0027304653633888815,0.06393818721432827,0.40625,390.45526617806706,389.5936218885059,0.00646875,0.007890625,0,0,0.6351817519998804,0.879550750999897
base,1e-05,5.0,32,3000,0.7861218398876405,0.7933637640449438,0.7925977653631284,0.8046438547486034,0.007241924157303382,0.0030218677514315603,2.396505986694037,0.65625,0.012046089385474863,0.0035038475305504096,3.437960493555659,0.65625,390.45526617806706,387.20133168575245,0.00646875,0.01275,0,0,0.6389490349997686,0.8840543909996086
base,3e-06,0.0,32,3000,0.7099719101123596,0.7099719101123596,0.7122905027932961,0.7122905027932961,0.0,1e-300,0.0,0.0,0.0,1e-300,0.0,0.0,432.3803469337334,432.3803469337334,0.0,0.0,0,0,0.6268637330003912,0.8729679600000964
base,3e-06,1.0,32,3000,0.7099719101123596,0.7083918539325843,0.7122905027932961,0.7039106145251397,-0.0015800561797752743,0.002881498609186108,-0.5483452862819768,0.53125,-0.008379888268156426,0.004604909306559348,-1.8197727056686879,0.375,432.3803469337334,432.01026033339247,0.0,0.0,0,0,0.6295917440002086,0.8740011190002406
base,3e-06,5.0,32,3000,0.7099719101123596,0.7105424859550562,0.7122905027932961,0.7159567039106145,0.0005705758426966349,0.007934465872838053,0.07191105889684135,0.46875,0.00366620111731843,0.012873060506108732,0.28479638665402723,0.4375,432.3803469337334,430.28862952898237,0.0,0.0,0,0,0.6257952689998092,0.8754810149998775
base,1e-06,0.0,32,3000,0.6349631320224719,0.6349631320224719,0.6433310055865922,0.6433310055865922,0.0,1e-300,0.0,0.0,0.0,1e-300,0.0,0.0,479.9146976164752,479.9146976164752,0.0,0.0,0,0,0.6282339650001632,0.8745428420002099
base,1e-06,1.0,32,3000,0.6349631320224719,0.6350070224719101,0.6433310055865922,0.6415851955307263,4.389044943819108e-05,0.0027894421564499208,0.01573448990032106,0.53125,-0.0017458100558659147,0.0029620741398757914,-0.5893876970746997,0.375,479.9146976164752,479.71048651984756,0.0,0.0,0,0,0.6257148019999477,0.8693352340001184
base,1e-06,5.0,32,3000,0.6349631320224719,0.6299596207865168,0.6433310055865922,0.6316340782122905,-0.005003511235955056,0.005455986125733018,-0.9170681744141768,0.40625,-0.011696927374301672,0.006921512071559328,-1.6899381599527434,0.375,479.9146976164752,478.954690160961,0.0,0.0,0,0,0.6214003749996664,0.8697413700001562
lam50,0.0001,0.0,32,3000,0.7720330056179776,0.7720330056179776,0.7838687150837989,0.7838687150837989,0.0,1e-300,0.0,0.0,0.0,1e-300,0.0,0.0,461.2792161668574,461.2792161668574,0.00803125,0.00803125,0,0,0.6543354909999834,0.901860754000154
lam50,0.0001,1.0,32,3000,0.7720330056179776,0.7724280196629213,0.7838687150837989,0.7817737430167597,0.0003950140449438255,0.0020202375870850818,0.19552850984906936,0.34375,-0.002094972067039104,0.002824100285927834,-0.7418192893071497,0.28125,461.2792161668574,461.46489113699784,0.00803125,0.008546875,0,0,0.6570346469998185,0.9024267179997878
lam50,0.0001,5.0,32,3000,0.7720330056179776,0.7713746488764044,0.7838687150837989,0.7798533519553073,-0.0006583567415730379,0.0030901092567471758,-0.21305290100520963,0.375,-0.0040153631284916246,0.0035760593167471462,-1.122845784376999,0.3125,461.2792161668574,463.5258845250519,0.00803125,0.012390625,0,0,0.6588196950001475,0.9037328750000597
lam50,3e-05,0.0,32,3000,0.7519311797752809,0.7519311797752809,0.7568086592178771,0.7568086592178771,0.0,1e-300,0.0,0.0,0.0,1e-300,0.0,0.0,461.87823135806264,461.87823135806264,0.0,0.0,0,0,0.6589600960001007,0.9054896090001421
lam50,3e-05,1.0,32,3000,0.7519311797752809,0.7552229634831461,0.7568086592178771,0.762395251396648,0.0032917837078651688,0.0022023662603207097,1.4946577084711683,0.46875,0.005586592178770958,0.002770677935037268,2.016326801511058,0.3125,461.87823135806264,461.86885543280766,0.0,0.0,0,0,0.6493697160003649,0.9058388720000039
lam50,3e-05,5.0,32,3000,0.7519311797752809,0.7592169943820225,0.7568086592178771,0.7704259776536313,0.007285814606741579,0.004411048280210438,1.6517195332974215,0.46875,0.01361731843575419,0.005844953362141738,2.3297565595569543,0.40625,461.87823135806264,461.8269416351279,0.0,0.0,0,0,0.6532071270003144,0.9009667950003859
lam50,1e-05,0.0,32,3000,0.7122103230337078,0.7122103230337078,0.7128142458100558,0.7128142458100558,0.0,1e-300,0.0,0.0,0.0,1e-300,0.0,0.0,468.3125713936765,468.3125713936765,0.0,0.0,0,0,0.647816540000349,0.8916048400001273
lam50,1e-05,1.0,32,3000,0.7122103230337078,0.7157654494382022,0.7128142458100558,0.7170041899441341,0.0035551264044943846,0.0022623813147577003,1.571409019913664,0.53125,0.004189944134078218,0.0032609901205978677,1.2848686991146225,0.40625,468.3125713936765,468.05146423043607,0.0,0.0,0,0,0.6558718480000607,0.8925898309998956
lam50,1e-05,5.0,32,3000,0.7122103230337078,0.7328827247191011,0.7128142458100558,0.7365572625698323,0.020672401685393256,0.006395984107151455,3.2320908462357036,0.6875,0.02374301675977654,0.008247436448951519,2.8788359760922977,0.5625,468.3125713936765,467.41829792734876,0.0,0.0,0,0,0.667570037999667,0.9057932299997447
lam50,3e-06,0.0,32,3000,0.6824087078651686,0.6824087078651686,0.6822625698324023,0.6822625698324023,0.0,1e-300,0.0,0.0,0.0,1e-300,0.0,0.0,482.95937456691126,482.95937456691126,0.0,0.0,0,0,0.6520184109999718,0.898663748999752
lam50,3e-06,1.0,32,3000,0.6824087078651686,0.6842082162921348,0.6822625698324023,0.6861033519553073,0.0017995084269662905,0.003236114847661569,0.5560706315063643,0.3125,0.0038407821229050274,0.00379131465929767,1.013047575327478,0.28125,482.95937456691126,483.18368245083855,0.0,0.0,0,0,0.646776644000056,0.8950273149998793
lam50,3e-06,5.0,32,3000,0.6824087078651686,0.6953563904494382,0.6822625698324023,0.6965782122905029,0.012947682584269666,0.007724650723104643,1.6761512006675967,0.53125,0.014315642458100554,0.009548407759864869,1.4992701210639492,0.59375,482.95937456691126,481.49397739787395,0.0,0.0,0,0,0.6547149680000075,0.9020371629999318
lam50,1e-06,0.0,32,3000,0.6393521769662922,0.6393521769662922,0.6466480446927374,0.6466480446927374,0.0,1e-300,0.0,0.0,0.0,1e-300,0.0,0.0,524.3947362916572,524.3947362916572,0.0,0.0,0,0,0.653212177000114,0.8927610830000958
lam50,1e-06,1.0,32,3000,0.6393521769662922,0.6388693820224719,0.6466480446927374,0.6435055865921788,-0.0004827949438202389,0.001761960018959293,-0.27401015836068926,0.4375,-0.0031424581005586663,0.0021423063124275045,-1.4668575088115494,0.28125,524.3947362916572,523.9901349824074,0.0,0.0,0,0,0.6473940179998863,0.8936638319996746
lam50,1e-06,5.0,32,3000,0.6393521769662922,0.6507198033707866,0.6466480446927374,0.6524092178770949,0.011367626404494385,0.007929828101677435,1.4335274685323551,0.53125,0.0057611731843575376,0.010563791334541953,0.5453698394741477,0.4375,524.3947362916572,521.894204524544,0.0,0.0,0,0,0.6485582350001096,0.899799454999993
lam200,0.0001,0.0,32,3000,0.616968047752809,0.616968047752809,0.6145251396648045,0.6145251396648045,0.0,1e-300,0.0,0.0,0.0,1e-300,0.0,0.0,499.3513815049995,499.3513815049995,0.0,0.0,0,0,0.6345464149999316,0.8766663240003254
lam200,0.0001,1.0,32,3000,0.616968047752809,0.6166169241573034,0.6145251396648045,0.6145251396648045,-0.00035112359550561884,0.00022737925765545258,-1.5442199922988395,0.03125,0.0,1e-300,0.0,0.0,499.3513815049995,497.57991660723064,0.0,0.0,0,0,0.6341352210001787,0.8743693689998508
lam200,0.0001,5.0,32,3000,0.616968047752809,0.6165730337078652,0.6145251396648045,0.6145251396648045,-0.0003950140449438186,0.00022058199595526113,-1.7907809893239706,0.0,0.0,1e-300,0.0,0.0,499.3513815049995,499.59686875497084,0.0,0.0,0,0,0.6284679690002122,0.8744616819999464
lam200,3e-05,0.0,32,3000,0.6165730337078652,0.6165730337078652,0.6145251396648045,0.6145251396648045,0.0,1e-300,0.0,0.0,0.0,1e-300,0.0,0.0,487.0543595731099,487.0543595731099,0.0,0.0,0,0,0.6315314779999426,0.8797829649997766
lam200,3e-05,1.0,32,3000,0.6165730337078652,0.6165730337078652,0.6145251396648045,0.6145251396648045,0.0,1e-300,0.0,0.0,0.0,1e-300,0.0,0.0,487.0543595731099,487.12355318832755,0.0,0.0,0,0,0.6328916780003055,0.876442562000193
lam200,3e-05,5.0,32,3000,0.6165730337078652,0.6165730337078652,0.6145251396648045,0.6145251396648045,0.0,1e-300,0.0,0.0,0.0,1e-300,0.0,0.0,487.0543595731099,487.26912434568254,0.0,0.0,0,0,0.6278622149998228,0.8719213729996227
lam200,1e-05,0.0,32,3000,0.6165730337078652,0.6165730337078652,0.6145251396648045,0.6145251396648045,0.0,1e-300,0.0,0.0,0.0,1e-300,0.0,0.0,483.7185920729796,483.7185920729796,0.0,0.0,0,0,0.6289636209999117,0.8738055480002913
lam200,1e-05,1.0,32,3000,0.6165730337078652,0.6165730337078652,0.6145251396648045,0.6145251396648045,0.0,1e-300,0.0,0.0,0.0,1e-300,0.0,0.0,483.7185920729796,483.76472503183703,0.0,0.0,0,0,0.6335326720000012,0.8761189380002179
lam200,1e-05,5.0,32,3000,0.6165730337078652,0.6165730337078652,0.6145251396648045,0.6145251396648045,0.0,1e-300,0.0,0.0,0.0,1e-300,0.0,0.0,483.7185920729796,483.73728633974997,0.0,0.0,0,0,0.6295523980002145,0.8775553079999554
lam200,3e-06,0.0,32,3000,0.6167047050561798,0.6167047050561798,0.6145251396648045,0.6145251396648045,0.0,1e-300,0.0,0.0,0.0,1e-300,0.0,0.0,487.4807644278054,487.4807644278054,0.0,0.0,0,0,0.6320391399999608,0.8810102440002083
lam200,3e-06,1.0,32,3000,0.6167047050561798,0.6167047050561798,0.6145251396648045,0.6145251396648045,0.0,1e-300,0.0,0.0,0.0,1e-300,0.0,0.0,487.4807644278054,487.5276978534956,0.0,0.0,0,0,0.632207612000002,0.8914794720003556
lam200,3e-06,5.0,32,3000,0.6167047050561798,0.6167047050561798,0.6145251396648045,0.6145251396648045,0.0,1e-300,0.0,0.0,0.0,1e-300,0.0,0.0,487.4807644278054,487.5255415680566,0.0,0.0,0,0,0.6551931590001914,0.898333834999903
lam200,1e-06,0.0,32,3000,0.5915554775280898,0.5915554775280898,0.5961941340782123,0.5961941340782123,0.0,1e-300,0.0,0.0,0.0,1e-300,0.0,0.0,522.4756666052024,522.4756666052024,0.0,0.0,0,0,0.6424694470001668,0.9017500139998447
lam200,1e-06,1.0,32,3000,0.5915554775280898,0.5923893960674158,0.5961941340782123,0.5939245810055866,0.0008339185393258456,0.0027480559438488837,0.30345762836176926,0.125,-0.0022695530726256994,0.002531667312701816,-0.8964657643754992,0.0625,522.4756666052024,521.593748091454,0.0,0.0,0,0,0.6454327120000016,0.8771997539997756
lam200,1e-06,5.0,32,3000,0.5915554775280898,0.5863325140449438,0.5961941340782123,0.5885125698324022,-0.005222963483146069,0.007949082181594489,-0.6570523947078386,0.21875,-0.007681564245810062,0.009327772908949379,-0.823515357930735,0.15625,522.4756666052024,523.124888404099,0.0,0.0,0,0,0.6303834869995626,0.8776624019997143
tight_r2,0.0001,0.0,32,3000,0.7314782303370786,0.7314782303370786,0.7327164804469274,0.7327164804469274,0.0,1e-300,0.0,0.0,0.0,1e-300,0.0,0.0,431.4788572538187,431.4788572538187,0.610015625,0.610015625,0,0,0.6866302000003088,0.9344913449999694
tight_r2,0.0001,1.0,32,3000,0.7314782303370786,0.7325316011235955,0.7327164804469274,0.7313198324022346,0.0010533707865168565,0.0009160525664006758,1.1499021182329383,0.40625,-0.001396648044692743,0.0020067631511371505,-0.6959705453537552,0.28125,431.4788572538187,431.4530167425887,0.610015625,0.6093125,0,0,0.6814173660000051,0.9298831659998541
tight_r2,0.0001,5.0,32,3000,0.7314782303370786,0.7321365870786517,0.7327164804469274,0.7257332402234636,0.0006583567415730449,0.0026696005148246237,0.24661245677662555,0.5,-0.006983240223463687,0.004129436348171645,-1.691087992325053,0.46875,431.4788572538187,431.3041913360295,0.610015625,0.61215625,0,0,0.6840946060001443,0.9332635890000347
tight_r2,3e-05,0.0,32,3000,0.733497191011236,0.733497191011236,0.7300977653631285,0.7300977653631285,0.0,1e-300,0.0,0.0,0.0,1e-300,0.0,0.0,431.57075574586224,431.57075574586224,0.37371875,0.37371875,0,0,0.6882041429998935,0.9323505090001163
tight_r2,3e-05,1.0,32,3000,0.733497191011236,0.7351211376404494,0.7300977653631285,0.7341131284916201,0.0016239466292134914,0.001019038050566762,1.5936074499968822,0.65625,0.004015363128491621,0.0018302154221179422,2.193929239130225,0.5,431.57075574586224,431.6100050790358,0.37371875,0.37415625,0,0,0.6893441619999976,0.9334383079999498
tight_r2,3e-05,5.0,32,3000,0.733497191011236,0.7350772471910112,0.7300977653631285,0.73463687150838,0.0015800561797752848,0.003362984573279077,0.46983747482214927,0.59375,0.004539106145251399,0.0055946818118757045,0.8113251651981961,0.5625,431.57075574586224,431.89138078716854,0.37371875,0.376078125,0,0,0.7394449299999906,0.9410665579998749
tight_r2,1e-05,0.0,32,3000,0.7265625,0.7265625,0.721717877094972,0.721717877094972,0.0,1e-300,0.0,0.0,0.0,1e-300,0.0,0.0,431.35268438405717,431.35268438405717,0.192921875,0.192921875,0,0,0.6832949239997106,0.9493819499998608
tight_r2,1e-05,1.0,32,3000,0.7265625,0.7274841994382022,0.721717877094972,0.7206703910614525,0.0009216994382022468,0.0008797535886452013,1.0476790888931082,0.5,-0.0010474860335195485,0.00147204788925018,-0.7115842094329612,0.28125,431.35268438405717,431.37212097304825,0.192921875,0.19409375,0,0,0.6859098300001278,0.9390189119999377
tight_r2,1e-05,5.0,32,3000,0.7265625,0.7324877106741573,0.721717877094972,0.7280027932960894,0.0059252106741573,0.0028966302226535613,2.045553011156978,0.71875,0.006284916201117319,0.004875378831007984,1.289113404099905,0.5625,431.35268438405717,431.80753937014924,0.192921875,0.199703125,0,0,0.6805540149998706,0.9353954160001194
tight_r2,3e-06,0.0,32,3000,0.7118591994382024,0.7118591994382024,0.702513966480447,0.702513966480447,0.0,1e-300,0.0,0.0,0.0,1e-300,0.0,0.0,433.49460801695716,433.49460801695716,0.036390625,0.036390625,0,0,0.6901882500001193,0.9177723360003256
tight_r2,3e-06,1.0,32,3000,0.7118591994382024,0.7118591994382022,0.702513966480447,0.7030377094972067,0.0,0.0010776322845475086,0.0,0.4375,0.0005237430167597847,0.0016894278986443068,0.3100120562588471,0.34375,433.49460801695716,433.42848916865194,0.036390625,0.036765625,0,0,0.6715833670000393,0.9154429089999212
tight_r2,3e-06,5.0,32,3000,0.7118591994382024,0.715721558988764,0.702513966480447,0.71106843575419,0.00386235955056179,0.003298657421034323,1.170888351707257,0.4375,0.008554469273743027,0.005060518289455477,1.6904334268621934,0.5,433.49460801695716,433.4873349430908,0.036390625,0.040390625,0,0,0.673446973999944,0.9152161219999471
tight_r2,1e-06,0.0,32,3000,0.6791608146067415,0.6791608146067415,0.6787709497206704,0.6787709497206704,0.0,1e-300,0.0,0.0,0.0,1e-300,0.0,0.0,458.6230382830257,458.6230382830257,0.0,0.0,0,0,0.6563483930003713,0.9004263219999302
tight_r2,1e-06,1.0,32,3000,0.6791608146067415,0.6781952247191011,0.6787709497206704,0.6773743016759777,-0.0009655898876404605,0.0009213285533329064,-1.0480407712834239,0.40625,-0.0013966480446927394,0.0015665289827638954,-0.89155582824173,0.28125,458.6230382830257,458.55373854105494,0.0,0.0,0,0,0.6590489909999633,0.9069545070001368
tight_r2,1e-06,5.0,32,3000,0.6791608146067415,0.6769662921348315,0.6787709497206704,0.6813896648044693,-0.002194522471910102,0.003068769617612508,-0.7151147675977817,0.40625,0.002618715083798885,0.004380714253514957,0.597782674753941,0.46875,458.6230382830257,458.36098377534597,0.0,0.0,0,0,0.6634842619996562,0.904505952999898
within10,0.0001,0.0,32,3000,0.7824789325842697,0.7824789325842697,0.803072625698324,0.803072625698324,0.0,1e-300,0.0,0.0,0.0,1e-300,0.0,0.0,368.0171786843656,368.0171786843656,0.196390625,0.196390625,0,0,0.6531977569998162,0.9276109130000805
within10,0.0001,1.0,32,3000,0.7824789325842697,0.7830495084269663,0.803072625698324,0.802199720670391,0.0005705758426966211,0.00041764798212431427,1.3661644904746297,0.4375,-0.0008729050279329652,0.0008360859861005548,-1.0440373866378645,0.125,368.0171786843656,367.5883979379324,0.196390625,0.20503125,0,0,0.6571264049998717,0.9445193319997998
within10,0.0001,5.0,32,3000,0.7824789325842697,0.7786604634831461,0.803072625698324,0.7959148044692737,-0.0038184691011236074,0.0015072536182916473,-2.533395212845161,0.28125,-0.007157821229050277,0.0022469135732276803,-3.185623743759802,0.25,368.0171786843656,369.73830994868024,0.196390625,0.3749375,0,0,0.6692508360001739,0.9467236469999989
within10,3e-05,0.0,32,3000,0.7843662219101124,0.7843662219101124,0.8044692737430168,0.8044692737430168,0.0,1e-300,0.0,0.0,0.0,1e-300,0.0,0.0,366.6462169800114,366.6462169800114,0.059890625,0.059890625,0,0,0.6412379830003374,0.9096937660001458
within10,3e-05,1.0,32,3000,0.7843662219101124,0.7840150983146067,0.8044692737430168,0.8041201117318436,-0.0003511235955056223,0.0006492801127204848,-0.5407890810553458,0.28125,-0.0003491620111731944,0.0012013766080715496,-0.29063493398100154,0.3125,366.6462169800114,366.47173665231594,0.059890625,0.06321875,0,0,0.6432243799999924,0.922579143999883
within10,3e-05,5.0,32,3000,0.7843662219101124,0.7816450140449438,0.8044692737430168,0.8046438547486034,-0.0027212078651685408,0.001240508026926472,-2.1936237461604375,0.34375,0.00017458100558658332,0.0013150705843064285,0.13275409523258233,0.34375,366.6462169800114,366.29406424374497,0.059890625,0.089875,0,0,0.649794827000278,0.9318572419997508
within10,1e-05,0.0,32,3000,0.7603581460674156,0.7603581460674156,0.7875349162011174,0.7875349162011174,0.0,1e-300,0.0,0.0,0.0,1e-300,0.0,0.0,381.4056368699812,381.4056368699812,0.0,0.0,0,0,0.6299050529996748,0.9034212820001812
within10,1e-05,1.0,32,3000,0.7603581460674156,0.7609726123595506,0.7875349162011174,0.7891061452513967,0.0006144662921348451,0.0006819555537102806,0.9010356888975387,0.5625,0.0015712290502793262,0.001332892794051996,1.1788112722125144,0.4375,381.4056368699812,379.8571857973856,0.0,0.000203125,0,0,0.628764184999909,0.8927175840003656
within10,1e-05,5.0,32,3000,0.7603581460674156,0.7690484550561798,0.7875349162011174,0.791550279329609,0.008690308988764057,0.0020439218049739328,4.251781534702542,0.71875,0.0040153631284916246,0.0020568461912051222,1.9521941629184203,0.53125,381.4056368699812,375.25085614916935,0.0,0.00321875,0,0,0.6250131169999804,0.9027008100001694
within10,3e-06,0.0,32,3000,0.7162043539325843,0.7162043539325843,0.7421438547486033,0.7421438547486033,0.0,1e-300,0.0,0.0,0.0,1e-300,0.0,0.0,412.905511641564,412.905511641564,0.0,0.0,0,0,0.6349095689997739,0.9149402089997238
within10,3e-06,1.0,32,3000,0.7162043539325843,0.7187938904494382,0.7421438547486033,0.7447625698324022,0.0025895365168539172,0.000993346476155709,2.606881464839467,0.5625,0.002618715083798885,0.0015255107512759964,1.7166152920315312,0.375,412.905511641564,411.4638352175307,0.0,0.0,0,0,0.6303469720000976,0.8998543859997881
within10,3e-06,5.0,32,3000,0.7162043539325843,0.7357356039325842,0.7421438547486033,0.7651885474860335,0.01953124999999999,0.004156158012364136,4.6993521280703385,0.78125,0.02304469273743017,0.0053138386287185065,4.3367317578832205,0.71875,412.905511641564,398.0048932945135,0.0,0.0,0,0,0.6320299969997905,0.8973499849998916
within10,1e-06,0.0,32,3000,0.6898700842696629,0.6898700842696629,0.7068784916201117,0.7068784916201117,0.0,1e-300,0.0,0.0,0.0,1e-300,0.0,0.0,434.083379830029,434.083379830029,0.0,0.0,0,0,0.6512444840000171,0.9136228980000851
within10,1e-06,1.0,32,3000,0.6898700842696629,0.6908795646067416,0.7068784916201117,0.7072276536312849,0.001009480337078636,0.0011734491098861807,0.860267674647221,0.4375,0.00034916201117318746,0.001807784470530638,0.19314360581419204,0.375,434.083379830029,433.1936399590626,0.0,0.0,0,0,0.694066901000042,0.9134074530002181
within10,1e-06,5.0,32,3000,0.6898700842696629,0.7139659410112359,0.7068784916201117,0.738826815642458,0.02409585674157302,0.005899776182787107,4.084198450082545,0.78125,0.03194832402234636,0.00746758932888653,4.27826472711376,0.75,434.083379830029,417.2607611328945,0.0,0.0,0,0,0.6437779350003439,0.91884208700003
within30,0.0001,0.0,32,3000,0.6012552668539326,0.6012552668539326,0.5958449720670391,0.5958449720670391,0.0,1e-300,0.0,0.0,0.0,1e-300,0.0,0.0,3084.4552729334987,3084.4552729334987,0.17734375,0.17734375,0,0,0.6959080649999123,0.9562168630000087
within30,0.0001,1.0,32,3000,0.6012552668539326,0.5923893960674157,0.5958449720670391,0.6047486033519552,-0.008865870786516851,0.02042604937991238,-0.4340472610056366,0.375,0.008903631284916213,0.02493087667019721,0.35713269945134996,0.34375,3084.4552729334987,2530.301341923476,0.17734375,0.994890625,0,0,0.6997888719997718,0.957725888999903
within30,0.0001,5.0,32,3000,0.6012552668539326,0.5401158707865168,0.5958449720670391,0.5326466480446927,-0.061139396067415724,0.021073076778728803,-2.901303720827797,0.3125,-0.06319832402234635,0.027191498960635135,-2.324194194436943,0.3125,3084.4552729334987,1419.7151919036405,0.17734375,0.99975,0,0,0.6875779179999881,0.9387011519997941
within30,3e-05,0.0,32,3000,0.6465063202247191,0.6465063202247191,0.6564245810055866,0.6564245810055866,0.0,1e-300,0.0,0.0,0.0,1e-300,0.0,0.0,732.4873417115797,732.4873417115797,0.125140625,0.125140625,0,0,0.6657544370000323,0.9239598909998676
within30,3e-05,1.0,32,3000,0.6465063202247191,0.6059954353932584,0.6564245810055866,0.61731843575419,-0.04051088483146067,0.004090449822268698,-9.903772590221385,0.0,-0.03910614525139665,0.006256066019325142,-6.250916331540748,0.0,732.4873417115797,781.1691860320128,0.125140625,0.880703125,0,0,0.6761390209999263,0.9269106950000605
within30,3e-05,5.0,32,3000,0.6465063202247191,0.6029231039325843,0.6564245810055866,0.6229050279329609,-0.04358321629213484,0.00600480110288215,-7.2580615986124855,0.0625,-0.033519553072625705,0.006565252239729996,-5.105600188486321,0.0625,732.4873417115797,670.7859600076686,0.125140625,0.99584375,0,0,0.6689714640001512,0.9278111010003158
within30,1e-05,0.0,32,3000,0.7556179775280898,0.7556179775280898,0.7852653631284916,0.7852653631284916,0.0,1e-300,0.0,0.0,0.0,1e-300,0.0,0.0,382.9277646338152,382.9277646338152,0.0,0.0,0,0,0.653630260999762,0.9054717880003409
within30,1e-05,1.0,32,3000,0.7556179775280898,0.758031952247191,0.7852653631284916,0.7850907821229051,0.0024139747191011217,0.0009122118007335504,2.64628753668823,0.5625,-0.00017458100558659026,0.0008500800288899733,-0.20537008240807225,0.1875,382.9277646338152,381.28048341879145,0.0,0.0,0,0,0.6555816439999944,0.90110304000018
within30,1e-05,5.0,32,3000,0.7556179775280898,0.7666783707865169,0.7852653631284916,0.7894553072625698,0.011060393258426969,0.0018154777840176182,6.092276840728134,0.875,0.004189944134078225,0.0021136608588466204,1.9823161868856238,0.5625,382.9277646338152,375.45424818705646,0.0,0.020953125,0,0,0.6543371709999519,0.9107637669999349
within30,3e-06,0.0,32,3000,0.7162043539325842,0.7162043539325842,0.7412709497206704,0.7412709497206704,0.0,1e-300,0.0,0.0,0.0,1e-300,0.0,0.0,412.82619928741246,412.82619928741246,0.0,0.0,0,0,0.6544447050000599,0.8999453110000104
within30,3e-06,1.0,32,3000,0.7162043539325842,0.718311095505618,0.7412709497206704,0.7426675977653632,0.002106741573033713,0.0010207745032658599,2.0638657865115326,0.65625,0.0013966480446927394,0.0011765691887908286,1.1870513506545994,0.375,412.82619928741246,411.413503706283,0.0,0.0,0,0,0.6538334580000082,0.905835197000215
within30,3e-06,5.0,32,3000,0.7162043539325842,0.7385884831460674,0.7412709497206704,0.7669343575418994,0.02238412921348315,0.004441820927547058,5.039403789257329,0.8125,0.02566340782122906,0.005540557397414818,4.631918050917298,0.75,412.82619928741246,395.55288752125693,0.0,0.0,0,0,0.6498482869997133,0.9001926360001562
within30,1e-06,0.0,32,3000,0.6883778089887641,0.6883778089887641,0.7074022346368715,0.7074022346368715,0.0,1e-300,0.0,0.0,0.0,1e-300,0.0,0.0,433.471743945815,433.471743945815,0.0,0.0,0,0,0.6543706259999453,0.9028884220001601
within30,1e-06,1.0,32,3000,0.6883778089887641,0.6886850421348314,0.7074022346368715,0.7089734636871509,0.0003072331460674087,0.0007507870353764571,0.409214772752911,0.5,0.0015712290502793262,0.0020872141906255887,0.7527876426560662,0.3125,433.471743945815,432.69077924332646,0.0,0.0,0,0,0.6531894180002382,0.9017373689998749
within30,1e-06,5.0,32,3000,0.6883778089887641,0.7169504915730338,0.7074022346368715,0.7416201117318435,0.028572682584269676,0.00556020142693574,5.138785520584324,0.84375,0.034217877094972066,0.006462616689391032,5.29474031024365,0.8125,433.471743945815,413.52385392813665,0.0,0.0,0,0,0.6539887460003229,0.8987423269995816
between10,0.0001,0.0,32,3000,0.774315308988764,0.774315308988764,0.7737430167597765,0.7737430167597765,0.0,1e-300,0.0,0.0,0.0,1e-300,0.0,0.0,401.12936556988717,401.12936556988717,0.2909375,0.2909375,0,0,0.6800962310003342,0.9221792739999728
between10,0.0001,1.0,32,3000,0.774315308988764,0.77514922752809,0.7737430167597765,0.7740921787709498,0.0008339185393258543,0.00093932971409523,0.8877804319531096,0.46875,0.0003491620111731944,0.0016049695211703505,0.21755055567571402,0.375,401.12936556988717,401.74725437831523,0.2909375,0.2935,0,0,0.70563161400014,0.9584058880000157
between10,0.0001,5.0,32,3000,0.774315308988764,0.7767292837078652,0.7737430167597765,0.7739175977653631,0.002413974719101132,0.001948079592377056,1.2391561045796844,0.4375,0.0001745810055865972,0.003758367030264378,0.04645129232477236,0.4375,401.12936556988717,401.6037533546157,0.2909375,0.297453125,0,0,0.6909546960000625,0.9321432769997955
between10,3e-05,0.0,32,3000,0.7863851825842697,0.7863851825842697,0.7824720670391062,0.7824720670391062,0.0,1e-300,0.0,0.0,0.0,1e-300,0.0,0.0,394.47743483735877,394.47743483735877,0.1119375,0.1119375,0,0,0.6855694020000556,0.9169363239998347
between10,3e-05,1.0,32,3000,0.7863851825842697,0.785814606741573,0.7824720670391062,0.7856145251396648,-0.000570575842696628,0.0008457572086173702,-0.6746331416192076,0.40625,0.0031424581005586663,0.0019900357333218167,1.5790963186943372,0.4375,394.47743483735877,394.5586086130195,0.1119375,0.117015625,0,0,0.6689107339998372,0.9196331139996801
between10,3e-05,5.0,32,3000,0.7863851825842697,0.7874824438202247,0.7824720670391062,0.7842178770949721,0.0010972612359550528,0.0014986536646094326,0.7321646500901277,0.625,0.0017458100558659234,0.003117328084221242,0.5600341089224987,0.4375,394.47743483735877,394.66513794223124,0.1119375,0.121765625,0,0,0.6736874080002053,0.9177843939996819
between10,1e-05,0.0,32,3000,0.765186095505618,0.765186095505618,0.7573324022346368,0.7573324022346368,0.0,1e-300,0.0,0.0,0.0,1e-300,0.0,0.0,405.52087250756273,405.52087250756273,0.003984375,0.003984375,0,0,0.65311533699969,0.9127159260001463
between10,1e-05,1.0,32,3000,0.765186095505618,0.7707601825842696,0.7573324022346368,0.7613477653631285,0.005574087078651674,0.002995679403072714,1.8607088171498753,0.53125,0.004015363128491618,0.004734499151688645,0.8481072653819075,0.4375,405.52087250756273,404.420712673601,0.003984375,0.004296875,0,0,0.6803392399997392,0.9212294570002086
between10,1e-05,5.0,32,3000,0.765186095505618,0.7816011235955056,0.7573324022346368,0.7795041899441341,0.01641502808988762,0.0032485054476289127,5.0531016045760255,0.78125,0.022171787709497202,0.005063625881098628,4.378638594185933,0.75,405.52087250756273,402.3294664024753,0.003984375,0.00628125,0,0,0.6681108009997843,0.909583893999752
between10,3e-06,0.0,32,3000,0.7066801264044944,0.7066801264044944,0.707576815642458,0.707576815642458,0.0,1e-300,0.0,0.0,0.0,1e-300,0.0,0.0,448.8344308879658,448.8344308879658,0.0,0.0,0,0,0.6504148670001086,0.8939119899996513
between10,3e-06,1.0,32,3000,0.7066801264044944,0.7078212780898877,0.707576815642458,0.7091480446927374,0.001141151685393263,0.0026921886546914945,0.4238750814897965,0.34375,0.0015712290502793297,0.0033862676492739086,0.46400025426703534,0.34375,448.8344308879658,448.4918392979854,0.0,0.0,0,0,0.6456994350000969,0.8970911910000723
between10,3e-06,5.0,32,3000,0.7066801264044944,0.7159849016853932,0.707576815642458,0.7163058659217877,0.009304775280898885,0.007254445493153571,1.282630807506973,0.59375,0.00872905027932961,0.009468998303377288,0.9218557232412047,0.59375,448.8344308879658,446.7060044052573,0.0,0.0,0,0,0.6573608079997939,0.9071518669998113
between10,1e-06,0.0,32,3000,0.6082338483146067,0.6082338483146067,0.6120810055865922,0.6120810055865922,0.0,1e-300,0.0,0.0,0.0,1e-300,0.0,0.0,485.6822187739025,485.6822187739025,0.0,0.0,0,0,0.6491454989995873,0.9048452069996529
between10,1e-06,1.0,32,3000,0.6082338483146067,0.6107356039325842,0.6120810055865922,0.6119064245810055,0.0025017556179775247,0.001498653664609433,1.6693354022054936,0.4375,-0.000174581005586592,0.0016730536869853992,-0.10434871692680808,0.25,485.6822187739025,485.5422804908762,0.0,0.0,0,0,0.6536531350002406,0.8993772960002389
between10,1e-06,5.0,32,3000,0.6082338483146067,0.6142029494382022,0.6120810055865922,0.6143505586592178,0.005969101123595513,0.003642984063938851,1.6385196912285223,0.53125,0.002269553072625684,0.005133815430174873,0.4420792105781598,0.40625,485.6822187739025,485.1037030665615,0.0,0.0,0,0,0.654255218000344,0.9109543520003172
w10_lam50,0.0001,0.0,32,3000,0.7638254915730336,0.7638254915730336,0.7849162011173184,0.7849162011173184,0.0,1e-300,0.0,0.0,0.0,1e-300,0.0,0.0,432.9539786041149,432.9539786041149,3.125e-05,3.125e-05,0,0,0.6616871989999709,0.8940570929999012
w10_lam50,0.0001,1.0,32,3000,0.7638254915730336,0.7652299859550562,0.7849162011173184,0.785963687150838,0.0014044943820224684,0.0006015889690508112,2.3346411823981477,0.5,0.001047486033519552,0.001134018176807253,0.9236942184371982,0.25,432.9539786041149,433.18488970202,3.125e-05,4.6875e-05,0,0,0.6491169569999329,0.8979002350001792
w10_lam50,0.0001,5.0,32,3000,0.7638254915730336,0.7579441713483146,0.7849162011173184,0.78125,-0.005881320224719096,0.007080124632042093,-0.8306803241997125,0.5625,-0.0036662011173184406,0.007798869122841864,-0.47009394048947667,0.625,432.9539786041149,464.97256665688224,3.125e-05,0.5085,0,0,0.6526722919998065,0.9309442619996844
w10_lam50,3e-05,0.0,32,3000,0.761499297752809,0.761499297752809,0.7826466480446927,0.7826466480446927,0.0,1e-300,0.0,0.0,0.0,1e-300,0.0,0.0,429.9380374483285,429.9380374483285,0.0,0.0,0,0,0.6537837000000764,0.9007127549998586
w10_lam50,3e-05,1.0,32,3000,0.761499297752809,0.7614554073033708,0.7826466480446927,0.7822974860335196,-4.389044943819628e-05,0.0006258393046231326,-0.07013054168054561,0.40625,-0.00034916201117319093,0.0009022591856293037,-0.38698637457446217,0.21875,429.9380374483285,429.71250190860667,0.0,0.0,0,0,0.6564282039998943,0.900869516000057
w10_lam50,3e-05,5.0,32,3000,0.761499297752809,0.7645277387640449,0.7826466480446927,0.7856145251396649,0.003028441011235967,0.0012423851018119232,2.437602484784483,0.6875,0.0029678770949720587,0.0022712852255759005,1.3066950207539576,0.46875,429.9380374483285,431.36373837822237,0.0,0.0,0,0,0.658918864000043,0.9178313560000788
w10_lam50,1e-05,0.0,32,3000,0.7423630617977528,0.7423630617977528,0.7660614525139664,0.7660614525139664,0.0,1e-300,0.0,0.0,0.0,1e-300,0.0,0.0,432.0907770697539,432.0907770697539,0.0,0.0,0,0,0.6648571589998937,0.9013577880000412
w10_lam50,1e-05,1.0,32,3000,0.7423630617977528,0.7433725421348315,0.7660614525139664,0.7669343575418994,0.0010094803370786429,0.0005648841707974091,1.78705722210914,0.5,0.0008729050279329721,0.0010375838500936553,0.8412862515681804,0.34375,432.0907770697539,431.8615442584055,0.0,0.0,0,0,0.6520751250000103,0.8958820249999917
w10_lam50,1e-05,5.0,32,3000,0.7423630617977528,0.7500438904494382,0.7660614525139664,0.7747905027932961,0.00768082865168539,0.001817923471933656,4.225056098492191,0.71875,0.008729050279329624,0.002352302597630735,3.7108534795317656,0.625,432.0907770697539,431.50647672623694,0.0,0.0,0,0,0.6519082489999164,0.9020569780000187
w10_lam50,3e-06,0.0,32,3000,0.7097963483146067,0.7097963483146067,0.7292248603351956,0.7292248603351956,0.0,1e-300,0.0,0.0,0.0,1e-300,0.0,0.0,444.42330926929515,444.42330926929515,0.0,0.0,0,0,0.6544027750001078,0.89969146500016
w10_lam50,3e-06,1.0,32,3000,0.7097963483146067,0.7110691713483146,0.7292248603351956,0.7314944134078213,0.0012728230337078726,0.0005927963020084879,2.1471507656092763,0.5625,0.002269553072625694,0.001324011677090459,1.714148834104757,0.34375,444.42330926929515,444.2948388110733,0.0,0.0,0,0,0.6558575829999427,0.9004650330002733
w10_lam50,3e-06,5.0,32,3000,0.7097963483146067,0.7264747191011236,0.7292248603351956,0.7498254189944135,0.01667837078651685,0.0038981045139000205,4.278584816554926,0.75,0.02060055865921787,0.004709200557290122,4.374534150457232,0.6875,444.42330926929515,440.0833970617563,0.0,0.0,0,0,0.6552904330001184,0.8977260269998624
w10_lam50,1e-06,0.0,32,3000,0.6932496488764044,0.6932496488764044,0.710195530726257,0.710195530726257,0.0,1e-300,0.0,0.0,0.0,1e-300,0.0,0.0,471.6827035432394,471.6827035432394,0.0,0.0,0,0,0.6610269709999557,0.9023722669999188
w10_lam50,1e-06,1.0,32,3000,0.6932496488764044,0.6939518960674158,0.710195530726257,0.7079259776536313,0.0007022471910112411,0.0009289857131547022,0.7559289460184597,0.40625,-0.002269553072625694,0.0012252808961720875,-1.852271654374134,0.15625,471.6827035432394,471.4551311167821,0.0,0.0,0,0,0.6529717339999479,0.9005325290004293
w10_lam50,1e-06,5.0,32,3000,0.6932496488764044,0.7109813904494382,0.710195530726257,0.7327164804469274,0.01773174157303371,0.005400602569707487,3.283289474491754,0.59375,0.022520949720670393,0.006825965363142502,3.2993061819906915,0.625,471.6827035432394,463.35584283419604,0.0,0.0,0,0,0.6659975980001036,0.9074905769998622
w10_tight,0.0001,0.0,32,3000,0.7388518258426966,0.7388518258426966,0.7679818435754191,0.7679818435754191,0.0,1e-300,0.0,0.0,0.0,1e-300,0.0,0.0,399.642457201586,399.642457201586,0.421875,0.421875,0,0,0.6878820480001195,0.9375817059999463
w10_tight,0.0001,1.0,32,3000,0.7388518258426966,0.7394224016853933,0.7679818435754191,0.7685055865921788,0.0005705758426966349,0.00040801444422195994,1.398420695092455,0.4375,0.0005237430167597742,0.0005807152135440712,0.9018930528156841,0.15625,399.642457201586,399.52055541267544,0.421875,0.42425,0,0,0.7011405170001126,0.9906901600002129
w10_tight,0.0001,5.0,32,3000,0.7388518258426966,0.738061797752809,0.7679818435754191,0.7678072625698324,-0.0007900280898876337,0.0008364854215464508,-0.9444612775522983,0.28125,-0.00017458100558660067,0.0012909249513705853,-0.13523714558406097,0.28125,399.642457201586,400.2689264766874,0.421875,0.4755625,0,0,0.7000805580000815,0.9705463569998756
w10_tight,3e-05,0.0,32,3000,0.7423191713483146,0.7423191713483146,0.7706005586592178,0.7706005586592178,0.0,1e-300,0.0,0.0,0.0,1e-300,0.0,0.0,398.03407673176764,398.03407673176764,0.23309375,0.23309375,0,0,0.7065433210000265,0.9346411530000296
w10_tight,3e-05,1.0,32,3000,0.7423191713483146,0.7419241573033708,0.7706005586592178,0.7693784916201116,-0.0003950140449438151,0.000384814299921556,-1.0265056288821344,0.28125,-0.0012220670391061492,0.0005458049349066665,-2.239017936536474,0.03125,398.03407673176764,397.8797721937658,0.23309375,0.234296875,0,0,0.6827993250003601,0.936222718999943
w10_tight,3e-05,5.0,32,3000,0.7423191713483146,0.742406952247191,0.7706005586592178,0.7693784916201117,8.778089887639604e-05,0.0006551871114283865,0.13397836640135236,0.4375,-0.0012220670391061457,0.0009628796099915713,-1.269179476255441,0.125,398.03407673176764,397.7476347336277,0.23309375,0.2455625,0,0,0.6843374650002261,0.9336702779996813
w10_tight,1e-05,0.0,32,3000,0.7411780196629214,0.7411780196629214,0.7692039106145252,0.7692039106145252,0.0,1e-300,0.0,0.0,0.0,1e-300,0.0,0.0,397.97502059829037,397.97502059829037,0.095921875,0.095921875,0,0,0.6752305280001565,0.9312471619996359
w10_tight,1e-05,1.0,32,3000,0.7411780196629214,0.7410463483146068,0.7692039106145252,0.7690293296089385,-0.00013167134831461313,0.0003956427982982895,-0.33280360183718377,0.21875,-0.0001745810055865868,0.00039538000807506126,-0.441552435684718,0.0625,397.97502059829037,397.9879224817512,0.095921875,0.097296875,0,0,0.6754372479999802,0.9259639920001064
w10_tight,1e-05,5.0,32,3000,0.7411780196629214,0.7422752808988764,0.7692039106145252,0.7690293296089385,0.0010972612359550528,0.0007945379788649736,1.3810053957679034,0.53125,-0.0001745810055865868,0.0010184562404453614,-0.17141728692265085,0.25,397.97502059829037,397.8061506159883,0.095921875,0.10671875,0,0,0.679223414000262,0.9303113380001378
w10_tight,3e-06,0.0,32,3000,0.7262991573033708,0.7262991573033708,0.7587290502793297,0.7587290502793297,0.0,1e-300,0.0,0.0,0.0,1e-300,0.0,0.0,406.12796538065163,406.12796538065163,0.00184375,0.00184375,0,0,0.6561373270001241,0.9094504939998842
w10_tight,3e-06,1.0,32,3000,0.7262991573033708,0.7270891853932584,0.7587290502793297,0.7597765363128492,0.0007900280898876476,0.0003563933787108867,2.2167305485451623,0.46875,0.0010474860335195485,0.0006841000468129475,1.5311883669640518,0.15625,406.12796538065163,406.08222288806326,0.00184375,0.00225,0,0,0.6563340440002321,0.9064043339999444
w10_tight,3e-06,5.0,32,3000,0.7262991573033708,0.7292837078651685,0.7587290502793297,0.7643156424581006,0.0029845505617977636,0.0008431448533106554,3.539783881830932,0.625,0.005586592178770944,0.0018261820327546631,3.0591650112469755,0.5,406.12796538065163,404.00032163902904,0.00184375,0.005078125,0,0,0.6561406490000081,0.9051212639997175
w10_tight,1e-06,0.0,32,3000,0.705714536516854,0.705714536516854,0.7250349162011174,0.7250349162011174,0.0,1e-300,0.0,0.0,0.0,1e-300,0.0,0.0,420.62521791339134,420.62521791339134,0.0,0.0,0,0,0.6516215709998505,0.9008763199999521
w10_tight,1e-06,1.0,32,3000,0.705714536516854,0.7059778792134832,0.7250349162011174,0.7260824022346368,0.0002633426966292089,0.00033033260096719487,0.7972046835769665,0.375,0.001047486033519545,0.0006841000468129494,1.5311883669640425,0.28125,420.62521791339134,420.56329310375725,0.0,0.0,0,0,0.6514367019999554,0.899033039999722
w10_tight,1e-06,5.0,32,3000,0.705714536516854,0.7091818820224719,0.7250349162011174,0.7292248603351955,0.0034673455056179747,0.0013317999366067943,2.603503281770832,0.625,0.004189944134078211,0.0021578536699996473,1.9417183807829268,0.5,420.62521791339134,419.03762807584803,0.0,0.0,0,0,0.6543735790000937,0.9052598440002839
w10_lp,0.0001,0.0,32,3000,0.7658005617977528,0.7658005617977528,0.7903282122905028,0.7903282122905028,0.0,1e-300,0.0,0.0,0.0,1e-300,0.0,0.0,379.59338953331815,379.59338953331815,0.2856875,0.2856875,0,0,5.580283345000225,5.85042437500033
w10_lp,0.0001,1.0,32,3000,0.7658005617977528,0.7659322331460674,0.7903282122905028,0.7915502793296089,0.00013167134831459926,0.0007471363750499122,0.1762346911643848,0.375,0.0012220670391061422,0.0007413478761796571,1.648439387732175,0.28125,379.59338953331815,379.5872393544313,0.2856875,0.30396875,0,0,5.589054944000054,5.9501620320002075
w10_lp,0.0001,5.0,32,3000,0.7658005617977528,0.6964536516853933,0.7903282122905028,0.7156075418994414,-0.06934691011235956,0.004051195933787716,-17.117639147984335,0.0,-0.07472067039106146,0.0038351463427262447,-19.4831340746037,0.0,379.59338953331815,437.1684640726801,0.2856875,0.815484375,0,0,5.629217552000227,6.881822112999998
w10_lp,3e-05,0.0,32,3000,0.7681706460674157,0.7681706460674157,0.7929469273743016,0.7929469273743016,0.0,1e-300,0.0,0.0,0.0,1e-300,0.0,0.0,377.7877971314009,377.7877971314009,0.124515625,0.124515625,0,0,4.616435836000164,4.824031115000253
w10_lp,3e-05,1.0,32,3000,0.7681706460674157,0.7682584269662922,0.7929469273743016,0.7934706703910615,8.778089887640297e-05,0.0005846157694721423,0.15015143870590691,0.5,0.0005237430167597847,0.0007252588463109255,0.722146333579847,0.28125,377.7877971314009,378.04062972609836,0.124515625,0.132578125,0,0,4.6506398259998605,5.001274843999909
w10_lp,3e-05,5.0,32,3000,0.7681706460674157,0.7658883426966292,0.7929469273743016,0.7950418994413407,-0.002282303370786512,0.0009845810671163557,-2.318045153428483,0.34375,0.0020949720670391213,0.0011698650362766975,1.7907809893239826,0.4375,377.7877971314009,378.42226741090553,0.124515625,0.201484375,0,0,4.665048699000181,5.901686011000038
w10_lp,1e-05,0.0,32,3000,0.7577247191011236,0.7577247191011236,0.7861382681564246,0.7861382681564246,0.0,1e-300,0.0,0.0,0.0,1e-300,0.0,0.0,383.46225676839185,383.46225676839185,0.014,0.014,0,0,1.9414625339995837,2.2055801269998483
w10_lp,1e-05,1.0,32,3000,0.7577247191011236,0.7594364466292135,0.7861382681564246,0.7878840782122905,0.001711727528089891,0.0013477552045509601,1.2700581843868284,0.4375,0.00174581005586592,0.001337678779985867,1.3051040967281884,0.40625,383.46225676839185,381.9515453462012,0.014,0.01984375,0,0,1.9157003100003749,2.5664700480001557
w10_lp,1e-05,5.0,32,3000,0.7577247191011236,0.7628599016853933,0.7861382681564246,0.7920740223463687,0.0051351825842696625,0.001647651250948379,3.1166683977048417,0.75,0.005935754189944135,0.002082734426113692,2.84998131087699,0.625,383.46225676839185,381.2546301546391,0.014,0.04959375,0,0,1.9075765739999042,4.0224443980000615
w10_lp,3e-06,0.0,32,3000,0.7162043539325843,0.7162043539325843,0.7421438547486033,0.7421438547486033,0.0,1e-300,0.0,0.0,0.0,1e-300,0.0,0.0,412.905511641564,412.905511641564,0.0,0.0,0,0,0.6601991600000474,0.9233116420000442
w10_lp,3e-06,1.0,32,3000,0.7162043539325843,0.721558988764045,0.7421438547486033,0.7496508379888268,0.005354634831460658,0.0022662919943022787,2.3627294474510925,0.65625,0.0075069832402234644,0.003417480812937159,2.196642395710066,0.375,412.905511641564,408.8539143712645,0.0,0.0,0,0,0.6586269089998495,0.9230645450002157
w10_lp,3e-06,5.0,32,3000,0.7162043539325843,0.7365695224719102,0.7421438547486033,0.763268156424581,0.020365168539325844,0.004787026096973982,4.2542422219505465,0.75,0.021124301675977668,0.006254730050684738,3.377332275701504,0.59375,412.905511641564,397.6084626151609,0.0,0.00153125,0,0,0.6602630130000762,1.1406226439999045
w10_lp,1e-06,0.0,32,3000,0.6898700842696629,0.6898700842696629,0.7068784916201117,0.7068784916201117,0.0,1e-300,0.0,0.0,0.0,1e-300,0.0,0.0,434.083379830029,434.083379830029,0.0,0.0,0,0,0.6564436839998962,0.9221844899998359
w10_lp,1e-06,1.0,32,3000,0.6898700842696629,0.6922401685393258,0.7068784916201117,0.7103701117318435,0.002370084269662915,0.00211186768755619,1.12226929917448,0.5,0.0034916201117318538,0.0026870916406655765,1.2994049249719672,0.40625,434.083379830029,431.46514219626386,0.0,0.0,0,0,0.6616555180003161,0.9188023209999301
w10_lp,1e-06,5.0,32,3000,0.6898700842696629,0.7175210674157304,0.7068784916201117,0.7412709497206704,0.0276509831460674,0.006221746188176437,4.444248014908458,0.78125,0.034392458100558666,0.008035315960658427,4.280162506234602,0.6875,434.083379830029,411.96743081540893,0.0,0.0,0,0,0.6549899250003364,0.9169414130001314
