experiment,dataset,geometry,h,s,s_tuple,method,sel_train_acc,final_train_acc,final_train_sd,final_test_acc,final_test_sd,paired_dtrain,paired_dtrain_se,paired_dtest,paired_dtest_se,train_loss_U,projection_rate,n_nonfinite
magic_lp,magic,lp,0.0001,reversible (no J),,reversible,0.7748668769716089,0.775822818086225,0.005287112250934119,0.7690641430073606,0.005574031557258244,0.0,0.0,0.0,0.0,7543.98426198281,0.32172,0
magic_lp,magic,lp,0.0001,"(0,0,0)","[0.0, 0.0, 0.0]",non-reversible,0.7748668769716089,0.775822818086225,0.005287112250934119,0.7690641430073606,0.005574031557258244,0.0,0.0,0.0,0.0,7543.98426198281,0.32172,0
magic_lp,magic,lp,0.0001,"(0.02,0.02,0.02)","[0.02, 0.02, 0.02]",non-reversible,0.7748062039957939,0.7757018927444794,0.0053732091749376714,0.768874868559411,0.005912878909796174,-6.067297581497488e-05,2.024066711459338e-05,-0.00018927444794952563,0.00012924916976860972,7544.194628904433,0.32208,0
magic_lp,magic,lp,0.0001,"(0.05,0.05,0.05)","[0.05, 0.05, 0.05]",non-reversible,0.7746559411146162,0.7755993690851735,0.005503530885873059,0.7688433228180862,0.006188753725394874,-0.00021093585699264228,3.6413322984124646e-05,-0.00022082018927444658,0.0002426874079651406,7545.285459583173,0.32512,0
magic_lp,magic,lp,0.0001,"(0.1,0.1,0.1)","[0.1, 0.1, 0.1]",non-reversible,0.7742409043112514,0.775068349106204,0.00560937503334214,0.7685804416403786,0.006824674180966275,-0.0006259726603575455,6.232212148055427e-05,-0.0004837013669821255,0.000445007444153499,7549.2825795353565,0.33476,0
magic_lp,magic,lp,0.0001,"(0.25,0.25,0.25)","[0.25, 0.25, 0.25]",non-reversible,0.7718543638275499,0.773593585699264,0.007151468320957535,0.7678338590956888,0.00784421752873087,-0.0030125131440589038,0.00017455069223712587,-0.0012302839116719254,0.0008516592853179237,7579.964973476477,0.39784,0
magic_lp,magic,lp,0.0001,"(0.5,0.5,0.5)","[0.5, 0.5, 0.5]",non-reversible,0.7599440588853839,0.766130389064143,0.01108876334596186,0.7617981072555204,0.010634867710103336,-0.014922818086225052,0.0005801223940395609,-0.007266035751840158,0.0019140975296595471,7758.528798156532,0.59416,0
magic_lp,magic,lp,0.0001,"(1,1,1)","[1.0, 1.0, 1.0]",non-reversible,0.6577533123028391,0.6643243953732914,0.05939600724022617,0.6603470031545742,0.05706623410837059,-0.11711356466876978,0.0026425571768829443,-0.10871713985278653,0.011791493932571898,11233.440488750408,0.89876,0
magic_lp,magic,lp,0.0001,"(2,2,2)","[2.0, 2.0, 2.0]",non-reversible,0.556289905362776,0.5588827549947424,0.08819827664385282,0.5563722397476341,0.08711993150527911,-0.21857697160883283,0.003108687465663357,-0.21269190325972662,0.017320976745657087,15967.960125465339,0.96372,0
magic_lp,magic,lp,0.0001,"(3,3,3)","[3.0, 3.0, 3.0]",non-reversible,0.5379252365930599,0.5321188222923239,0.09920932590551301,0.5309779179810725,0.0965949927018748,-0.23694164037854892,0.00308318882262369,-0.23808622502628815,0.019381859906900827,16880.94832742574,0.98024,0
magic_lp,magic,lp,0.0001,"(5,5,5)","[5.0, 5.0, 5.0]",non-reversible,0.5194067297581493,0.5373159831756046,0.10730010667216025,0.541062039957939,0.1046130023413317,-0.25546014721345955,0.004147325503772883,-0.22800210304942164,0.020907532002876813,17569.32653346867,0.99144,0
magic_lp,magic,lp,0.0001,"(7,7,7)","[7.0, 7.0, 7.0]",non-reversible,0.5226330178759201,0.5364274447949527,0.08819851749918625,0.5377917981072556,0.08717571106777293,-0.25223385909568874,0.003376556743917799,-0.23127234490010515,0.01717478924760025,16860.519508265414,0.9946,0
magic_lp,magic,lp,0.0001,"(10,10,10)","[10.0, 10.0, 10.0]",non-reversible,0.5179391167192429,0.4958254468980022,0.10123063536194729,0.4964773922187172,0.10013869503678355,-0.2569277602523659,0.00362006331663105,-0.2725867507886435,0.019947069234328645,18308.074003664173,0.99728,0
magic_lp,magic,lp,0.0001,"(2,7,2)","[2.0, 7.0, 2.0]",non-reversible,0.5554487907465826,0.5804284963196635,0.07352352259529107,0.5800841219768664,0.07521988940248592,-0.21941808622502634,0.003262520638237544,-0.18898002103049424,0.014950701637206673,12261.630344777712,0.98448,0
magic_lp,magic,lp,0.0001,"(1,0.25,1)","[1.0, 0.25, 1.0]",non-reversible,0.6586574132492115,0.6670136698212409,0.05912003052697408,0.6627234490010515,0.0560468383864865,-0.1162094637223975,0.002530067146224378,-0.10634069400630913,0.011542151489072094,11156.11715468703,0.89756,0
magic_lp,magic,lp,3e-05,reversible (no J),,reversible,0.780239432176656,0.7807781282860147,0.002650609005798489,0.7735120925341745,0.002650714920930403,0.0,0.0,0.0,0.0,7426.158263190712,0.18572,0
magic_lp,magic,lp,3e-05,"(0,0,0)","[0.0, 0.0, 0.0]",non-reversible,0.780239432176656,0.7807781282860147,0.002650609005798489,0.7735120925341745,0.002650714920930403,0.0,0.0,0.0,0.0,7426.158263190712,0.18572,0
magic_lp,magic,lp,3e-05,"(0.02,0.02,0.02)","[0.02, 0.02, 0.02]",non-reversible,0.7802222923238696,0.7808359621451103,0.0025427186726581443,0.7733438485804416,0.002586854086772789,-1.7139852786565156e-05,1.299700423121438e-05,-0.00016824395373291168,7.868890403310214e-05,7425.879733927174,0.18556,0
magic_lp,magic,lp,3e-05,"(0.05,0.05,0.05)","[0.05, 0.05, 0.05]",non-reversible,0.7802009463722396,0.7808648790746582,0.002486023066695554,0.7732386961093586,0.002685165342804875,-3.848580441640603e-05,2.1668107649023935e-05,-0.000273396424815977,0.0001602497439971419,7425.70218558055,0.1862,0
magic_lp,magic,lp,3e-05,"(0.1,0.1,0.1)","[0.1, 0.1, 0.1]",non-reversible,0.7801160883280758,0.7807676130389065,0.0023846205303585783,0.7731230283911672,0.002953252905784415,-0.0001233438485804639,3.4107054050069505e-05,-0.0003890641430073538,0.0003016917060557908,7426.058048042663,0.18828,0
magic_lp,magic,lp,3e-05,"(0.25,0.25,0.25)","[0.25, 0.25, 0.25]",non-reversible,0.7796021030494217,0.7800552050473185,0.0026135504916919654,0.7727865404837014,0.0035705096656621334,-0.0006373291272344917,7.254680379285055e-05,-0.0007255520504731771,0.0004705695463536872,7432.802084716822,0.20464,0
magic_lp,magic,lp,3e-05,"(0.5,0.5,0.5)","[0.5, 0.5, 0.5]",non-reversible,0.7774148264984226,0.7780178759200841,0.005371460555961599,0.7705047318611987,0.006423577468291225,-0.0028246056782334473,0.00017521256429895715,-0.0030073606729758007,0.0010426235596902238,7472.69373676943,0.26264,0
magic_lp,magic,lp,3e-05,"(1,1,1)","[1.0, 1.0, 1.0]",non-reversible,0.763406309148265,0.7666298633017877,0.013406235054795273,0.7626813880126184,0.01574112502246672,-0.016833123028391194,0.000806563618549168,-0.010830704521556229,0.002946068125007806,7760.568257223391,0.51504,0
magic_lp,magic,lp,3e-05,"(2,2,2)","[2.0, 2.0, 2.0]",non-reversible,0.6226054679284964,0.6389589905362776,0.052259657295434,0.6357728706624606,0.05329366803006657,-0.15763396424815984,0.003910795724812622,-0.13773922187171395,0.010611432239516971,12402.601958876743,0.89204,0
magic_lp,magic,lp,3e-05,"(3,3,3)","[3.0, 3.0, 3.0]",non-reversible,0.5606307045215562,0.5570872765509989,0.08771795982909537,0.5583385909568875,0.08378994481063583,-0.21960872765509998,0.0040957048333375165,-0.21517350157728707,0.016739794523108545,16614.426924507643,0.94004,0
magic_lp,magic,lp,3e-05,"(5,5,5)","[5.0, 5.0, 5.0]",non-reversible,0.526656887486856,0.5424500525762356,0.08342316855718279,0.5406729758149317,0.08184002086643373,-0.25358254468980024,0.0037244549709167913,-0.23283911671924287,0.01643775158839541,16885.161403807848,0.97384,0
magic_lp,magic,lp,3e-05,"(7,7,7)","[7.0, 7.0, 7.0]",non-reversible,0.5144681388012619,0.4857991587802313,0.11107111000608055,0.4815562565720295,0.10808846631721301,-0.26577129337539435,0.003253602124662905,-0.2919558359621451,0.021559189741709624,18167.0957189153,0.98468,0
magic_lp,magic,lp,3e-05,"(10,10,10)","[10.0, 10.0, 10.0]",non-reversible,0.513422712933754,0.5123501577287066,0.09625263068747406,0.5110199789695059,0.09172974047021533,-0.26681671924290223,0.004480453475846199,-0.2624921135646688,0.018469756165739672,19104.100818501076,0.9906,0
magic_lp,magic,lp,3e-05,"(2,7,2)","[2.0, 7.0, 2.0]",non-reversible,0.5830904311251315,0.5800262881177709,0.08159819625801422,0.5787592008412199,0.08426988863879409,-0.1971490010515247,0.003836113228912413,-0.19475289169295476,0.01665212501165772,12244.909517785652,0.933,0
magic_lp,magic,lp,3e-05,"(1,0.25,1)","[1.0, 0.25, 1.0]",non-reversible,0.7640560462670872,0.7665536277602523,0.013605798350176695,0.7632386961093586,0.01577887197431913,-0.016183385909568884,0.0008218233052240192,-0.010273396424815964,0.002952664723845354,7753.369206233184,0.50708,0
magic_lp,magic,lp,1e-05,reversible (no J),,reversible,0.7803685594111462,0.7806361724500525,0.0019281076982171884,0.7737960042060987,0.002279297553386694,0.0,0.0,0.0,0.0,7400.488455813928,0.0562,0
magic_lp,magic,lp,1e-05,"(0,0,0)","[0.0, 0.0, 0.0]",non-reversible,0.7803685594111462,0.7806361724500525,0.0019281076982171884,0.7737960042060987,0.002279297553386694,0.0,0.0,0.0,0.0,7400.488455813928,0.0562,0
magic_lp,magic,lp,1e-05,"(0.02,0.02,0.02)","[0.02, 0.02, 0.02]",non-reversible,0.7803617245005258,0.7806230283911673,0.001966626049655195,0.7737960042060987,0.0024130716598029403,-6.834910620390211e-06,1.2373114527600079e-05,4.440892098500626e-18,7.739012325909575e-05,7400.404855361398,0.0566,0
magic_lp,magic,lp,1e-05,"(0.05,0.05,0.05)","[0.05, 0.05, 0.05]",non-reversible,0.78036309148265,0.7805573080967403,0.0018900041501596898,0.7739011566771817,0.0024764374353667814,-5.467928496298846e-06,2.9046454966346013e-05,0.00010515247108308312,0.00013404362548877132,7400.3627785455565,0.05688,0
magic_lp,magic,lp,1e-05,"(0.1,0.1,0.1)","[0.1, 0.1, 0.1]",non-reversible,0.7803458464773922,0.7805336487907466,0.001952530665541272,0.7737854889589906,0.002489425994877679,-2.2712933753954446e-05,5.528008019913368e-05,-1.051524710830254e-05,0.0001451650079907391,7400.521851370053,0.0576,0
magic_lp,magic,lp,1e-05,"(0.25,0.25,0.25)","[0.25, 0.25, 0.25]",non-reversible,0.7802514195583597,0.780307570977918,0.0019473327286038621,0.773901156677182,0.0028363161402351266,-0.00011713985278651861,0.00010857789104012284,0.00010515247108307869,0.00022460577669078703,7402.68462044545,0.06212,0
magic_lp,magic,lp,1e-05,"(0.5,0.5,0.5)","[0.5, 0.5, 0.5]",non-reversible,0.7798608832807571,0.7795241850683492,0.002434482322886425,0.7736382754994743,0.0030562127506485073,-0.0005076761303890631,0.00015702710238329958,-0.00015772870662460027,0.0003860566206083173,7410.958308352383,0.07728,0
magic_lp,magic,lp,1e-05,"(1,1,1)","[1.0, 1.0, 1.0]",non-reversible,0.7772998948475289,0.7770136698212408,0.005169618682245062,0.7699684542586751,0.0058005274439534215,-0.0030686645636172336,0.0002948538586852352,-0.0038275499474237497,0.0010522999245502127,7455.853715151536,0.14096,0
magic_lp,magic,lp,1e-05,"(2,2,2)","[2.0, 2.0, 2.0]",non-reversible,0.7556713985278654,0.754731861198738,0.022336594931377504,0.7498527865404838,0.022658298900589013,-0.024697160883280788,0.0020027602365508454,-0.023943217665615118,0.004509540478430267,8148.250213726269,0.49008,0
magic_lp,magic,lp,1e-05,"(3,3,3)","[3.0, 3.0, 3.0]",non-reversible,0.6616348054679285,0.6319453207150367,0.0870591213539768,0.6348264984227129,0.08647130334086163,-0.11873375394321767,0.006673091006928482,-0.1389695057833859,0.01740208455884957,11876.284325039655,0.7938,0
magic_lp,magic,lp,1e-05,"(5,5,5)","[5.0, 5.0, 5.0]",non-reversible,0.5547357518401682,0.5623133543638276,0.08244549746866366,0.5610199789695058,0.07936876167946585,-0.2256328075709779,0.0058057110534186,-0.21277602523659303,0.015931474169667396,15756.73843075958,0.92044,0
magic_lp,magic,lp,1e-05,"(7,7,7)","[7.0, 7.0, 7.0]",non-reversible,0.5335015772870662,0.5083675078864354,0.0703692609709695,0.5091272344900105,0.0631793916706923,-0.24686698212407998,0.003726415833065682,-0.2646687697160883,0.012678742213207948,18164.972772073288,0.95312,0
magic_lp,magic,lp,1e-05,"(10,10,10)","[10.0, 10.0, 10.0]",non-reversible,0.5195154574132492,0.50897476340694,0.10003280826237829,0.5072344900105153,0.09611768110245045,-0.2608531019978969,0.003866491057070406,-0.26656151419558355,0.019165366037951236,17482.97804206013,0.9746,0
magic_lp,magic,lp,1e-05,"(2,7,2)","[2.0, 7.0, 2.0]",non-reversible,0.6581357518401681,0.6599079915878023,0.06993419784028351,0.6557518401682441,0.07232159812595006,-0.12223280757097793,0.009356956665339205,-0.11804416403785485,0.014354928979182089,10161.861866843909,0.74936,0
magic_lp,magic,lp,1e-05,"(1,0.25,1)","[1.0, 0.25, 1.0]",non-reversible,0.7775737118822292,0.7775368033648791,0.00487176848709434,0.7704206098843323,0.005292405976903934,-0.0027948475289169394,0.000285338827111363,-0.0033753943217665404,0.0009392476297135236,7452.1064974215005,0.13516,0
magic_lp,magic,lp,3e-06,reversible (no J),,reversible,0.7796594111461619,0.7799579390115667,0.0019174376922024249,0.7739957939011568,0.0023482416985116383,0.0,0.0,0.0,0.0,7449.728707234981,0.0,0
magic_lp,magic,lp,3e-06,"(0,0,0)","[0.0, 0.0, 0.0]",non-reversible,0.7796594111461619,0.7799579390115667,0.0019174376922024249,0.7739957939011568,0.0023482416985116383,0.0,0.0,0.0,0.0,7449.728707234981,0.0,0
magic_lp,magic,lp,3e-06,"(0.02,0.02,0.02)","[0.02, 0.02, 0.02]",non-reversible,0.7796568874868559,0.779968454258675,0.001906171794462823,0.7740483701366982,0.002408293863051828,-2.5236593059529965e-06,1.4061464803916326e-05,5.257623554153046e-05,7.739012325909525e-05,7449.691062165732,0.0,0
magic_lp,magic,lp,3e-06,"(0.05,0.05,0.05)","[0.05, 0.05, 0.05]",non-reversible,0.7796767613038906,0.779971083070452,0.0019439843874479803,0.7741114616193481,0.002364128690311618,1.735015772869275e-05,3.7898373883480276e-05,0.00011566771819137234,9.365852937881219e-05,7449.628142011514,0.0,0
magic_lp,magic,lp,3e-06,"(0.1,0.1,0.1)","[0.1, 0.1, 0.1]",non-reversible,0.7797114616193481,0.7799894847528916,0.0019405783366631955,0.7742271293375395,0.002629556501592589,5.205047318617595e-05,6.765314058317472e-05,0.00023133543638276244,0.0001854632453228314,7449.512624446499,0.0,0
magic_lp,magic,lp,3e-06,"(0.25,0.25,0.25)","[0.25, 0.25, 0.25]",non-reversible,0.7797783385909569,0.7800867507886434,0.002080162386508183,0.7741114616193481,0.002746154306180941,0.00011892744479501172,0.00015998325023827044,0.00011566771819138122,0.0002974470806759304,7449.291250943671,0.0,0
magic_lp,magic,lp,3e-06,"(0.5,0.5,0.5)","[0.5, 0.5, 0.5]",non-reversible,0.7797863301787592,0.7799710830704523,0.0023468740758167453,0.7747949526813879,0.0038596113884822414,0.00012691903259731685,0.0002667742109968928,0.0007991587802313526,0.0006216236654170113,7450.968953672291,0.0,0
magic_lp,magic,lp,3e-06,"(1,1,1)","[1.0, 1.0, 1.0]",non-reversible,0.7794154574132491,0.7790720294426918,0.002956249527633315,0.7747739221871714,0.004272176371592751,-0.00024395373291266953,0.0004131637772909843,0.0007781282860147387,0.0008998936352070223,7462.402939176795,0.0,0
magic_lp,magic,lp,3e-06,"(2,2,2)","[2.0, 2.0, 2.0]",non-reversible,0.7761617245005258,0.7746976866456363,0.006154095299656822,0.770336487907466,0.0071333539407367474,-0.0034976866456361356,0.0005849261000562719,-0.003659305993690838,0.0014388928795577177,7520.0520099907335,0.0,0
magic_lp,magic,lp,3e-06,"(3,3,3)","[3.0, 3.0, 3.0]",non-reversible,0.7684452155625658,0.76687960042061,0.012340253093058105,0.761398527865405,0.012774303230799266,-0.011214195583596202,0.0009519540925759237,-0.01259726603575182,0.002514694469601466,7683.234848115511,0.0654,0
magic_lp,magic,lp,3e-06,"(5,5,5)","[5.0, 5.0, 5.0]",non-reversible,0.6862690851735016,0.7109411146161934,0.06074790137297936,0.7093375394321767,0.06040390932970622,-0.09339032597266037,0.010101969160351257,-0.06465825446898,0.012118057004515103,9421.513048805844,0.542,0
magic_lp,magic,lp,3e-06,"(7,7,7)","[7.0, 7.0, 7.0]",non-reversible,0.6048288117770767,0.606916403785489,0.10021107752331548,0.6054048370136699,0.10132237931886175,-0.17483059936908515,0.009003002057135522,-0.16859095688748685,0.020230534070144038,13191.76838681024,0.77516,0
magic_lp,magic,lp,3e-06,"(10,10,10)","[10.0, 10.0, 10.0]",non-reversible,0.5620137749737119,0.5366377497371189,0.09974378582863679,0.5363091482649842,0.09690236433946726,-0.21764563617245003,0.006556339833017846,-0.23768664563617242,0.019303807663323975,15833.879047532642,0.89184,0
magic_lp,magic,lp,3e-06,"(2,7,2)","[2.0, 7.0, 2.0]",non-reversible,0.7703128286014723,0.7695846477392219,0.008117720115155547,0.7656046267087278,0.010195158863638712,-0.009346582544689754,0.0010684796556460904,-0.008391167192429001,0.002079361866550289,7629.129819155279,0.0076,0
magic_lp,magic,lp,3e-06,"(1,0.25,1)","[1.0, 0.25, 1.0]",non-reversible,0.7795435331230284,0.7790720294426917,0.0029850256120883076,0.7746056782334385,0.004385075530392312,-0.00011587802313353101,0.0003883085709029258,0.0006098843322818359,0.0009205496794212149,7462.639084324221,0.0,0
magic_lp,magic,lp,1e-06,reversible (no J),,reversible,0.7769736067297582,0.7778496319663512,0.0035208580752183753,0.7728391167192429,0.0045767756483321995,0.0,0.0,0.0,0.0,7642.2250333026595,0.0,0
magic_lp,magic,lp,1e-06,"(0,0,0)","[0.0, 0.0, 0.0]",non-reversible,0.7769736067297582,0.7778496319663512,0.0035208580752183753,0.7728391167192429,0.0045767756483321995,0.0,0.0,0.0,0.0,7642.2250333026595,0.0,0
magic_lp,magic,lp,1e-06,"(0.02,0.02,0.02)","[0.02, 0.02, 0.02]",non-reversible,0.7769985278654049,0.7778023133543638,0.003553886321327214,0.7729232386961092,0.004661973672704581,2.492113564665832e-05,1.95972114292106e-05,8.412197686646028e-05,8.274147657983254e-05,7642.114161740054,0.0,0
magic_lp,magic,lp,1e-06,"(0.05,0.05,0.05)","[0.05, 0.05, 0.05]",non-reversible,0.7770447949526813,0.7778995793901157,0.003616712660357636,0.7728601472134595,0.004721187868987864,7.118822292323301e-05,4.726988572723046e-05,2.10304942166184e-05,0.00011943024912303458,7641.90799768985,0.0,0
magic_lp,magic,lp,1e-06,"(0.1,0.1,0.1)","[0.1, 0.1, 0.1]",non-reversible,0.7771782334384858,0.7780047318611988,0.0036325610864016535,0.7729232386961093,0.004741587542400526,0.000204626708727611,7.940515592102803e-05,8.412197686646028e-05,0.000210698894947569,7641.473821796434,0.0,0
magic_lp,magic,lp,1e-06,"(0.25,0.25,0.25)","[0.25, 0.25, 0.25]",non-reversible,0.7774664563617244,0.7782570977917982,0.0036305867907087774,0.773627760252366,0.004948594159638339,0.00049284963196635,0.00018706916693595241,0.0007886435331230413,0.0003500698274700005,7639.812569513834,0.0,0
magic_lp,magic,lp,1e-06,"(0.5,0.5,0.5)","[0.5, 0.5, 0.5]",non-reversible,0.7777783385909568,0.7785804416403785,0.0038010598002810024,0.7742481598317559,0.00507042755020757,0.0008047318611986842,0.0003606457452531396,0.0014090431125131574,0.0005838645600250451,7637.091583609376,0.0,0
magic_lp,magic,lp,1e-06,"(1,1,1)","[1.0, 1.0, 1.0]",non-reversible,0.7779675078864352,0.7787933753943218,0.003427147946946847,0.7743533123028391,0.004803657523053137,0.0009939011566771816,0.0004667853124043741,0.001514195583596214,0.0008839846226625939,7634.995499945997,0.0,0
magic_lp,magic,lp,1e-06,"(2,2,2)","[2.0, 2.0, 2.0]",non-reversible,0.7773119873817035,0.7772397476340694,0.004528191875596696,0.7736698212407991,0.005598957675415181,0.0003383806519452781,0.0007640057695186938,0.0008307045215562559,0.0013251123713794986,7651.325544095424,0.0,0
magic_lp,magic,lp,1e-06,"(3,3,3)","[3.0, 3.0, 3.0]",non-reversible,0.7754330178759201,0.7750972660357518,0.005328727215697115,0.7715772870662461,0.0064105287904507886,-0.001540588853838072,0.0008375663783015717,-0.0012618296529968375,0.0013179063098857872,7674.87600036462,0.0,0
magic_lp,magic,lp,1e-06,"(5,5,5)","[5.0, 5.0, 5.0]",non-reversible,0.769450683491062,0.7662828601472136,0.012222477120510227,0.7631545741324921,0.012311870002180867,-0.0075229232386961,0.0009418300409633042,-0.009684542586750777,0.0023602123521232594,7765.403888965113,0.0,0
magic_lp,magic,lp,1e-06,"(7,7,7)","[7.0, 7.0, 7.0]",non-reversible,0.7507988433228182,0.7433780231335437,0.023109775346430585,0.7410725552050472,0.021659329927546715,-0.026174763406940096,0.0030417754424257697,-0.03176656151419558,0.004414230308231094,8203.480527476593,0.00308,0
magic_lp,magic,lp,1e-06,"(10,10,10)","[10.0, 10.0, 10.0]",non-reversible,0.6747502628811776,0.6815141955835964,0.04667940892091513,0.6828286014721345,0.045963261033777535,-0.10222334384858048,0.008023405167534695,-0.09001051524710829,0.009144902811104033,10531.284887863732,0.29824,0
magic_lp,magic,lp,1e-06,"(2,7,2)","[2.0, 7.0, 2.0]",non-reversible,0.7766968454258675,0.7774894847528918,0.004604976525812621,0.7739642481598318,0.00571158388292202,-0.00027676130389065357,0.0007401747708275179,0.0011251314405888557,0.0013439991424471307,7654.577107365188,0.0,0
magic_lp,magic,lp,1e-06,"(1,0.25,1)","[1.0, 0.25, 1.0]",non-reversible,0.7776205047318611,0.7786172450052575,0.003921712300309718,0.774626708727655,0.005221749324052642,0.000646898002103029,0.00044294295124609523,0.0017875920084122,0.0008613788951113465,7639.232539430527,0.0,0
