potential,mode,target_block,s,own_ratio,own_t,overall,bias_nrev,bias_rev,rhat,d_acc_pts,t_acc
lasso,block1,1,1.0,1.0251116291332272,3.7787768108165496,1.0087740433525767,0.18006722139185116,0.1799684587178949,1.0485419967991922,0.00276481016646124,1.5617922201992713
lasso,block1,1,2.0,1.0926666572955406,6.9294272828015355,1.0311611715087081,0.1801268323233716,0.1799684587178949,1.048774042117896,0.0070132621520276744,1.9745332693529485
lasso,block1,1,5.0,1.409144096260475,12.336443523247135,1.1247947847906716,0.18013137481760338,0.1799684587178949,1.048509509121522,0.005683220897717556,0.8450740671045299
lasso,block1,1,10.0,1.9086972632855932,15.301632450429661,1.2461502463281156,0.18092587761434736,0.1799684587178949,1.048103827269868,-0.005508674801340055,-0.710396291654539
lasso,block1,1,20.0,3.237297839324686,20.3092245035061,1.4853121634418238,0.1846181758872368,0.1799684587178949,1.048103827269868,-0.05493663837064268,-6.1409770378391855
lasso,block2,2,1.0,1.513683009823706,12.583342282942994,1.1590921097459095,0.17880804907835274,0.1799684587178949,1.048103827269868,-0.009097342542646256,-0.9867731541890238
lasso,block2,2,2.0,2.2197756790624568,16.69332311568145,1.3260185043556998,0.17951446147045327,0.1799684587178949,1.048103827269868,-0.01232644532539115,-1.2452092521690659
lasso,block2,2,5.0,4.031711896813294,18.18818219594323,1.62406987374021,0.18647073199107844,0.1799684587178949,1.048103827269868,-0.044027507347625325,-3.7131767515927496
lasso,block2,2,10.0,8.626574057891903,35.93257136465343,2.1070001358117687,0.5506450191262695,0.1799684587178949,1.048103827269868,-0.2604297576238493,-17.412120110984887
lasso,block2,2,20.0,19.602176120565392,91.99951048090588,4.174582868226417,24.325987640097853,0.1799684587178949,1.048103827269868,-7.874357391093728,-296.67893747234285
lasso,block3,3,1.0,1.1389695523007453,5.719426693402715,1.0447272710738924,0.17889503365431525,0.1799684587178949,1.0493816265510763,0.0018082975583595673,0.4938588930167342
lasso,block3,3,2.0,1.4607631462130297,11.065943737955731,1.136724170917218,0.17809912838669203,0.1799684587178949,1.048103827269868,0.007062135059006033,1.246770643073017
lasso,block3,3,5.0,2.4730997889509005,15.732787539877448,1.3632815417101232,0.17948066722115474,0.1799684587178949,1.048103827269868,0.005159582608646809,0.7278678059235479
lasso,block3,3,10.0,4.026498993809592,16.44286511435363,1.6078809996898584,0.18488374272223354,0.1799684587178949,1.048103827269868,-0.008001193057468117,-1.1709248841993352
lasso,block3,3,20.0,6.879330658302393,18.245178779153825,1.9157893848041747,0.3591724895030604,0.1799684587178949,1.048103827269868,-0.11423343822852226,-10.573099150897558
lasso,uniform,0,1.0,,,1.2217708878634264,0.17824034051771118,0.1799684587178949,1.048178805682779,-0.0015639330234632626,-0.15619390532804156
lasso,uniform,0,2.0,,,1.551119323418828,0.17854243065873954,0.1799684587178949,1.048103827269868,-9.076397012135196e-05,-0.008235765014036745
lasso,uniform,0,5.0,,,2.490252002872147,0.18724491711103788,0.1799684587178949,1.048103827269868,-0.03805803085189137,-2.4774675270734994
lasso,uniform,0,10.0,,,4.155619513208307,0.6313444201370358,0.1799684587178949,1.048103827269868,-0.28257965725278533,-13.702745489007514
lasso,uniform,0,20.0,,,11.526357116714596,24.210690833800367,0.1799684587178949,1.048103827269868,-7.911116798988741,-280.11840447655214
graded,block1,1,1.0,1.0234001319959163,3.7210482696827567,1.0081485183162806,0.0565567090711692,0.05639223881175439,1.082061839703947,0.0019479344354932787,0.7273152430332205
graded,block1,1,2.0,1.0933608946168276,6.868173761930594,1.030937293727983,0.056357804838542774,0.05639223881175439,1.0824977042058015,0.004834926869413253,1.2181467913853836
graded,block1,1,5.0,1.424561046773903,12.465148626368142,1.1279964033490295,0.05644355324174302,0.05639223881175439,1.082555616336178,0.013492413249248728,2.150914421439996
graded,block1,1,10.0,1.9750614091700995,15.188781766212156,1.259162797117595,0.056345613105740246,0.05639223881175439,1.0819291542071792,0.010835821662531775,1.5304082724518409
graded,block1,1,20.0,3.5239733473368604,18.820320509791923,1.5281536878442166,0.14073374144748563,0.05639223881175439,1.0814031394046593,-0.005882203447515194,-0.7632985023563457
graded,block2,2,1.0,1.3585827980950287,10.118865450623545,1.1156077935841322,0.056239188401872454,0.05639223881175439,1.0814031394046593,-0.0174476277928777,-1.4880258928936805
graded,block2,2,2.0,1.9554559014992399,12.921518333042851,1.2673263643111494,0.05648035818070442,0.05639223881175439,1.0814031394046593,-0.02161229765211825,-1.4036253900978475
graded,block2,2,5.0,3.684770527660274,14.597484422612734,1.5734163208001577,0.0987525883811038,0.05639223881175439,1.0814031394046593,-0.03273088399076175,-2.040125315460365
graded,block2,2,10.0,8.433446166574221,25.930000598264595,2.0835966935653145,0.7381339787509671,0.05639223881175439,1.0814031394046593,-0.1670126868481409,-9.09225446456759
graded,block2,2,20.0,24.254814951396074,46.685301150676466,6.043772664655571,61.09893232609967,0.05639223881175439,1.0814031394046593,-10.611899966377573,-320.9975755507949
graded,block3,3,1.0,1.235535519168973,8.622160701027266,1.0728808407195762,0.048830060734780356,0.05639223881175439,1.0814031394046593,0.0030266293110543796,1.486554911795911
graded,block3,3,2.0,1.6713397413046056,10.806215589097809,1.1866788075967534,0.05035866766305922,0.05639223881175439,1.0814031394046593,0.006154495357929904,2.1703139282458315
graded,block3,3,5.0,3.0150260511871463,10.593190229826481,1.443626962121732,0.16021351480820778,0.05639223881175439,1.0814031394046593,0.02857668689729559,8.415903196723653
graded,block3,3,10.0,4.47802565592628,10.313688924493668,1.565701010531331,1.1379714861505128,0.05639223881175439,1.0903876234563166,0.10830585279589418,6.404418469387295
graded,block3,3,20.0,41.36463896509658,22.403021123060277,10.28882774812691,47.04746049761966,0.05639223881175439,1.0814031394046593,-10.351400390315137,-439.10970008112724
graded,uniform,0,1.0,,,1.2070163438309,0.04877947293587082,0.05639223881175439,1.0814031394046593,-0.013415612966791515,-1.1013447346134115
graded,uniform,0,2.0,,,1.5479117815809007,0.0427651394621429,0.05639223881175439,1.0814031394046593,-0.011261714137574333,-0.7351272985656251
graded,uniform,0,5.0,,,2.5441939740741866,0.1706585007978267,0.05639223881175439,1.0814031394046593,0.017391773042084793,0.9772004915544839
graded,uniform,0,10.0,,,3.623099870367159,1.6909488925056793,0.05639223881175439,1.090598083633563,0.015705657751155858,0.7710159662997449
graded,uniform,0,20.0,,,13.94610655053811,47.24585698671901,0.05639223881175439,1.0814031394046593,-10.38463047614155,-402.1050472673663
